target,filename,path,cls,asan_kind,access,fault_fn,patched_still_faults,size
cjson_minify,crash-000d6c92139d9989d721affb674fbb5b3fae69c8,crashes/cjson_minify/crash-000d6c92139d9989d721affb674fbb5b3fae69c8,READ,stub,,,0,32
cjson_minify,crash-002656ff8286cf33e833f371182d76b289b26097,crashes/cjson_minify/crash-002656ff8286cf33e833f371182d76b289b26097,READ,stub,,,0,12
cjson_minify,crash-003043c5b47acd083b6a58673b386d70135b8a8e,crashes/cjson_minify/crash-003043c5b47acd083b6a58673b386d70135b8a8e,READ,stub,,,0,20
cjson_minify,crash-0053dd19d9b7d97de7afcc4fe34bd53d57f70260,crashes/cjson_minify/crash-0053dd19d9b7d97de7afcc4fe34bd53d57f70260,READ,stub,,,0,30
cjson_minify,crash-00694d8e384e2ba6352225b639b3872163aeb1c7,crashes/cjson_minify/crash-00694d8e384e2ba6352225b639b3872163aeb1c7,READ,stub,,,0,19
cjson_minify,crash-00a09766eff66db6c5a23447323ff1daf01a10b7,crashes/cjson_minify/crash-00a09766eff66db6c5a23447323ff1daf01a10b7,READ,stub,,,0,5
cjson_minify,crash-00ac3092fabc2c575ff65693f32903ccbe546bd7,crashes/cjson_minify/crash-00ac3092fabc2c575ff65693f32903ccbe546bd7,READ,stub,,,0,12
cjson_minify,crash-00ba51afde3f7ccf77bb72b0753660d56b540856,crashes/cjson_minify/crash-00ba51afde3f7ccf77bb72b0753660d56b540856,READ,stub,,,0,26
cjson_minify,crash-00e4845953a29ff3f8f8f11ce9cf3c0ac1f2364b,crashes/cjson_minify/crash-00e4845953a29ff3f8f8f11ce9cf3c0ac1f2364b,READ,stub,,,0,15
cjson_minify,crash-01001da2865b6efc6264a86c2e32963de0e18e70,crashes/cjson_minify/crash-01001da2865b6efc6264a86c2e32963de0e18e70,READ,stub,,,0,8
cjson_minify,crash-011828c62bdb1726f4a35351fcd5026e8f05e22c,crashes/cjson_minify/crash-011828c62bdb1726f4a35351fcd5026e8f05e22c,READ,stub,,,0,21
cjson_minify,crash-011e91a8c0b37aff36b9ae7e7d203b874c52ad03,crashes/cjson_minify/crash-011e91a8c0b37aff36b9ae7e7d203b874c52ad03,READ,stub,,,0,14
cjson_minify,crash-013eced8dd76497f3681417d77f4a61db390f27f,crashes/cjson_minify/crash-013eced8dd76497f3681417d77f4a61db390f27f,READ,stub,,,0,19
cjson_minify,crash-0194e96b13dc33e1c6df4c569136c8b442c0a92c,crashes/cjson_minify/crash-0194e96b13dc33e1c6df4c569136c8b442c0a92c,READ,stub,,,0,30
cjson_minify,crash-01a8ceceff7990afa258df7d9940e740a5e05bd4,crashes/cjson_minify/crash-01a8ceceff7990afa258df7d9940e740a5e05bd4,READ,stub,,,0,12
cjson_minify,crash-01ad706836181c91deb101c6a095a09376444064,crashes/cjson_minify/crash-01ad706836181c91deb101c6a095a09376444064,READ,stub,,,0,27
cjson_minify,crash-01ae5e44a69ba909cdb97a49d21539b91a63073f,crashes/cjson_minify/crash-01ae5e44a69ba909cdb97a49d21539b91a63073f,READ,stub,,,0,19
cjson_minify,crash-01b540eada04d0ccc37c1f0f6a0afa5e8acd5625,crashes/cjson_minify/crash-01b540eada04d0ccc37c1f0f6a0afa5e8acd5625,READ,stub,,,0,6
cjson_minify,crash-022c9fde327a109dd7bb6189b6e5bcf3b1105524,crashes/cjson_minify/crash-022c9fde327a109dd7bb6189b6e5bcf3b1105524,READ,stub,,,0,20
cjson_minify,crash-0257cfe5410314fb4c17d47a7c809843d4f23b93,crashes/cjson_minify/crash-0257cfe5410314fb4c17d47a7c809843d4f23b93,READ,stub,,,0,17
cjson_minify,crash-02ae0d3d258d082b6f933b78c45607888a367572,crashes/cjson_minify/crash-02ae0d3d258d082b6f933b78c45607888a367572,READ,stub,,,0,29
cjson_minify,crash-02bd96cc519ecc538257154d93b1eb16d97a2785,crashes/cjson_minify/crash-02bd96cc519ecc538257154d93b1eb16d97a2785,READ,stub,,,0,23
cjson_minify,crash-02d21e931f22607d70ff84c399c79890fc6635e1,crashes/cjson_minify/crash-02d21e931f22607d70ff84c399c79890fc6635e1,READ,stub,,,0,18
cjson_minify,crash-02f7e06622da14b52d2428590c8dbad41ca5ee91,crashes/cjson_minify/crash-02f7e06622da14b52d2428590c8dbad41ca5ee91,READ,stub,,,0,8
cjson_minify,crash-0308c3809bdf4e9e1cc99c10ee10edbe0242b7cb,crashes/cjson_minify/crash-0308c3809bdf4e9e1cc99c10ee10edbe0242b7cb,READ,stub,,,0,11
cjson_minify,crash-031f9b4e8219e8f0f4758786709e77dc3b9131a2,crashes/cjson_minify/crash-031f9b4e8219e8f0f4758786709e77dc3b9131a2,READ,stub,,,0,30
cjson_minify,crash-03226c3bce29e8b28a58394fa0ab8abb7cec4921,crashes/cjson_minify/crash-03226c3bce29e8b28a58394fa0ab8abb7cec4921,READ,stub,,,0,12
cjson_minify,crash-03271ebf8058800f5593e96626a8b8d2600fc1c7,crashes/cjson_minify/crash-03271ebf8058800f5593e96626a8b8d2600fc1c7,READ,stub,,,0,19
cjson_minify,crash-03766865e80d1114adc75eb657c5b2d00e646756,crashes/cjson_minify/crash-03766865e80d1114adc75eb657c5b2d00e646756,READ,stub,,,0,14
cjson_minify,crash-03b1a8be13b28b0cb2ea4f4cc6fed613aceac733,crashes/cjson_minify/crash-03b1a8be13b28b0cb2ea4f4cc6fed613aceac733,READ,stub,,,0,3
cjson_minify,crash-03dba630ff96cc55e9c6ad9c90ece813d560a639,crashes/cjson_minify/crash-03dba630ff96cc55e9c6ad9c90ece813d560a639,READ,stub,,,0,5
cjson_minify,crash-03fb52b9eb2c2cd8f0f007161df6f92861dd7910,crashes/cjson_minify/crash-03fb52b9eb2c2cd8f0f007161df6f92861dd7910,READ,stub,,,0,20
cjson_minify,crash-0403371e5fc58e5db3c2102d5ddc958eceedce0c,crashes/cjson_minify/crash-0403371e5fc58e5db3c2102d5ddc958eceedce0c,READ,stub,,,0,23
cjson_minify,crash-04acb261cc4337d95fa67b25a944177003140815,crashes/cjson_minify/crash-04acb261cc4337d95fa67b25a944177003140815,READ,stub,,,0,6
cjson_minify,crash-04b6d7c9ac91447c26118fe4f856050f6b8bde9a,crashes/cjson_minify/crash-04b6d7c9ac91447c26118fe4f856050f6b8bde9a,READ,stub,,,0,12
cjson_minify,crash-04eab9e00b983688f139eaf76e2ad9b6c2fd1bab,crashes/cjson_minify/crash-04eab9e00b983688f139eaf76e2ad9b6c2fd1bab,READ,stub,,,0,23
cjson_minify,crash-04ef68b88cf3c3ab34edec0dec4ccf24f9c5c12a,crashes/cjson_minify/crash-04ef68b88cf3c3ab34edec0dec4ccf24f9c5c12a,READ,stub,,,0,14
cjson_minify,crash-051af250718ae48fe312b64e929be1d613af8cce,crashes/cjson_minify/crash-051af250718ae48fe312b64e929be1d613af8cce,READ,stub,,,0,14
cjson_minify,crash-053ca306017ae3e00e51d00917652f3a1ca00185,crashes/cjson_minify/crash-053ca306017ae3e00e51d00917652f3a1ca00185,READ,stub,,,0,20
cjson_minify,crash-0542191a45b45a5b27cf0156ec5e3ebc1d7187d7,crashes/cjson_minify/crash-0542191a45b45a5b27cf0156ec5e3ebc1d7187d7,READ,stub,,,0,14
nanosvg_write,crash-090e36b3b4a69d16ad21216bd79c6276453b640e,crashes/nanosvg_write/crash-090e36b3b4a69d16ad21216bd79c6276453b640e,WRITE,stub,,,0,184
nanosvg_write,crash-0ae03a29d7b4214d60d6905af1b687dae7207ce2,crashes/nanosvg_write/crash-0ae03a29d7b4214d60d6905af1b687dae7207ce2,WRITE,stub,,,0,572
nanosvg_write,crash-12326351f2e5334c94262668b3a4d533882d1172,crashes/nanosvg_write/crash-12326351f2e5334c94262668b3a4d533882d1172,WRITE,stub,,,0,194
nanosvg_write,crash-13d47b4b4460d38094d5c500717e30404fe2c472,crashes/nanosvg_write/crash-13d47b4b4460d38094d5c500717e30404fe2c472,WRITE,stub,,,0,536
nanosvg_write,crash-17859a3b04270b6e2d4f7af4d45f75926e849b3a,crashes/nanosvg_write/crash-17859a3b04270b6e2d4f7af4d45f75926e849b3a,WRITE,stub,,,0,66
nanosvg_write,crash-1b3fd603dd72b5680fc6e8b1d509ee9c34d84ef8,crashes/nanosvg_write/crash-1b3fd603dd72b5680fc6e8b1d509ee9c34d84ef8,WRITE,stub,,,0,260
nanosvg_write,crash-1d95dc9e4b5907ccb5f41ad71464870d64b40b97,crashes/nanosvg_write/crash-1d95dc9e4b5907ccb5f41ad71464870d64b40b97,WRITE,stub,,,0,134
nanosvg_write,crash-252751ec0cb3e8778dcd4233098bced0b3fe710b,crashes/nanosvg_write/crash-252751ec0cb3e8778dcd4233098bced0b3fe710b,WRITE,stub,,,0,290
nanosvg_write,crash-2fa0f6f53dd9e9bf43f641b4530c65337d5be861,crashes/nanosvg_write/crash-2fa0f6f53dd9e9bf43f641b4530c65337d5be861,WRITE,stub,,,0,455
nanosvg_write,crash-32c1403ae7168ed332419da1f9ced3f5b20d1f23,crashes/nanosvg_write/crash-32c1403ae7168ed332419da1f9ced3f5b20d1f23,WRITE,stub,,,0,391
nanosvg_write,crash-42439ebe6919b72e70c3e22231b2fdaadbf702fb,crashes/nanosvg_write/crash-42439ebe6919b72e70c3e22231b2fdaadbf702fb,WRITE,stub,,,0,408
nanosvg_write,crash-4751111be5c05f67d55ddce03513a6c33fdb4aba,crashes/nanosvg_write/crash-4751111be5c05f67d55ddce03513a6c33fdb4aba,WRITE,stub,,,0,270
nanosvg_write,crash-53106f3ba9bd9e3a25b84a13d537a9bf4bc34dd0,crashes/nanosvg_write/crash-53106f3ba9bd9e3a25b84a13d537a9bf4bc34dd0,WRITE,stub,,,0,346
nanosvg_write,crash-5b85ef2a59b9752629831ef29b6b7c82a83bb5f7,crashes/nanosvg_write/crash-5b85ef2a59b9752629831ef29b6b7c82a83bb5f7,WRITE,stub,,,0,334
nanosvg_write,crash-5c0747d020ed93cfa2722d908a92eb1e4b945bd7,crashes/nanosvg_write/crash-5c0747d020ed93cfa2722d908a92eb1e4b945bd7,WRITE,stub,,,0,342
nanosvg_write,crash-6a3f52ce82103ff7acf51d1050270c0b8978ced7,crashes/nanosvg_write/crash-6a3f52ce82103ff7acf51d1050270c0b8978ced7,WRITE,stub,,,0,99
nanosvg_write,crash-8151c7a93b10784aa3c595016b574464ac183776,crashes/nanosvg_write/crash-8151c7a93b10784aa3c595016b574464ac183776,WRITE,stub,,,0,324
nanosvg_write,crash-88bc77d87597895b10e3101e2d258958b61fc3a8,crashes/nanosvg_write/crash-88bc77d87597895b10e3101e2d258958b61fc3a8,WRITE,stub,,,0,154
nanosvg_write,crash-8b89f581ad8b3ecd0e190a019c3784b668487058,crashes/nanosvg_write/crash-8b89f581ad8b3ecd0e190a019c3784b668487058,WRITE,stub,,,0,154
nanosvg_write,crash-909989182e124f7b45a8d4dc4773fc1454f109e6,crashes/nanosvg_write/crash-909989182e124f7b45a8d4dc4773fc1454f109e6,WRITE,stub,,,0,181
nanosvg_write,crash-9e51458a73d8e67277e9df0918546b9a671d95c8,crashes/nanosvg_write/crash-9e51458a73d8e67277e9df0918546b9a671d95c8,WRITE,stub,,,0,447
nanosvg_write,crash-a28aba7adda279c0639b0b2d83c81af173d1985e,crashes/nanosvg_write/crash-a28aba7adda279c0639b0b2d83c81af173d1985e,WRITE,stub,,,0,340
nanosvg_write,crash-a42b3d13fc05d1a35e2842c9ae8f09f45b375bf9,crashes/nanosvg_write/crash-a42b3d13fc05d1a35e2842c9ae8f09f45b375bf9,WRITE,stub,,,0,239
nanosvg_write,crash-a6301c11eb6e8c79f905171011063c9972308f1d,crashes/nanosvg_write/crash-a6301c11eb6e8c79f905171011063c9972308f1d,WRITE,stub,,,0,104
nanosvg_write,crash-a63530168772fce3ebf888da8242c4ed379968b3,crashes/nanosvg_write/crash-a63530168772fce3ebf888da8242c4ed379968b3,WRITE,stub,,,0,479
nanosvg_write,crash-a826a379211016de5e079844e852494019003bdd,crashes/nanosvg_write/crash-a826a379211016de5e079844e852494019003bdd,WRITE,stub,,,0,224
nanosvg_write,crash-a9214cf44039afc96cbc72b99180d52423a95286,crashes/nanosvg_write/crash-a9214cf44039afc96cbc72b99180d52423a95286,WRITE,stub,,,0,127
nanosvg_write,crash-af41638a3eb1da19b367307def73e7262e41f25f,crashes/nanosvg_write/crash-af41638a3eb1da19b367307def73e7262e41f25f,WRITE,stub,,,0,65
nanosvg_write,crash-b05bf651b966eed64aeb0079de6f57130fcd899e,crashes/nanosvg_write/crash-b05bf651b966eed64aeb0079de6f57130fcd899e,WRITE,stub,,,0,595
nanosvg_write,crash-b1b845d1b43ea38f43832e58405b6e60675bb8be,crashes/nanosvg_write/crash-b1b845d1b43ea38f43832e58405b6e60675bb8be,WRITE,stub,,,0,194
nanosvg_write,crash-b1f2a39990b9c80a5d4f6675c49d4d1ff719a034,crashes/nanosvg_write/crash-b1f2a39990b9c80a5d4f6675c49d4d1ff719a034,WRITE,stub,,,0,164
nanosvg_write,crash-b5f61c2a3fdcea4f0222b4ed36283d352428b05b,crashes/nanosvg_write/crash-b5f61c2a3fdcea4f0222b4ed36283d352428b05b,WRITE,stub,,,0,99
nanosvg_write,crash-b6b064fcf489a760d1e90e02021bce335124261d,crashes/nanosvg_write/crash-b6b064fcf489a760d1e90e02021bce335124261d,WRITE,stub,,,0,544
nanosvg_write,crash-bcaa8b377933204b01f45cbe73994ca9da4cbb23,crashes/nanosvg_write/crash-bcaa8b377933204b01f45cbe73994ca9da4cbb23,WRITE,stub,,,0,141
nanosvg_write,crash-c5468d594fbb2f9fd28eb82ca9a19b44d1f3d673,crashes/nanosvg_write/crash-c5468d594fbb2f9fd28eb82ca9a19b44d1f3d673,WRITE,stub,,,0,147
nanosvg_write,crash-c8a910b5b4aea55079a87070a7143d8549a87d03,crashes/nanosvg_write/crash-c8a910b5b4aea55079a87070a7143d8549a87d03,WRITE,stub,,,0,135
nanosvg_write,crash-cc11ce1abf1863bb38d97d0fdbd4fc966b0ded12,crashes/nanosvg_write/crash-cc11ce1abf1863bb38d97d0fdbd4fc966b0ded12,WRITE,stub,,,0,215
nanosvg_write,crash-e3a8ae33d31905002643c296bb4e355c04a08933,crashes/nanosvg_write/crash-e3a8ae33d31905002643c296bb4e355c04a08933,WRITE,stub,,,0,347
nanosvg_write,crash-f0d25c0ecc800c383afe2364befcc79e3cadcbe6,crashes/nanosvg_write/crash-f0d25c0ecc800c383afe2364befcc79e3cadcbe6,WRITE,stub,,,0,332
nanosvg_write,crash-fba43e06a3d08414c125403ff7b2e37f9c9d98aa,crashes/nanosvg_write/crash-fba43e06a3d08414c125403ff7b2e37f9c9d98aa,WRITE,stub,,,0,481
frozen_dos,crash-01d7d31d770236b605ce36449acdb99db7f5da45,crashes/frozen_dos/crash-01d7d31d770236b605ce36449acdb99db7f5da45,DoS,stub,,,0,121
frozen_dos,crash-01f8ed8d531ca2605921ec62bfa49acb36857850,crashes/frozen_dos/crash-01f8ed8d531ca2605921ec62bfa49acb36857850,DoS,stub,,,0,11
frozen_dos,crash-0262f7ff19f993ea896cf51257a676753868dfae,crashes/frozen_dos/crash-0262f7ff19f993ea896cf51257a676753868dfae,DoS,stub,,,0,11
frozen_dos,crash-02c7afa63141fa5efbce0e61e606f3a3a21fa57e,crashes/frozen_dos/crash-02c7afa63141fa5efbce0e61e606f3a3a21fa57e,DoS,stub,,,0,9
frozen_dos,crash-035d1d0f39e211a6d2bb07349f2ef6a0df43d2ea,crashes/frozen_dos/crash-035d1d0f39e211a6d2bb07349f2ef6a0df43d2ea,DoS,stub,,,0,16
frozen_dos,crash-044dd0dd3cc06a4e46c3a951d7a4bfb16fe63077,crashes/frozen_dos/crash-044dd0dd3cc06a4e46c3a951d7a4bfb16fe63077,DoS,stub,,,0,156
frozen_dos,crash-048b8e00e35122212c842407e5f08e2ad122d473,crashes/frozen_dos/crash-048b8e00e35122212c842407e5f08e2ad122d473,DoS,stub,,,0,3
frozen_dos,crash-07ac669a6d8bb7e233fd1e9fb0829028d2ec8c0e,crashes/frozen_dos/crash-07ac669a6d8bb7e233fd1e9fb0829028d2ec8c0e,DoS,stub,,,0,7
frozen_dos,crash-0835fd178e1198d6178636a16b3cffa102c655f4,crashes/frozen_dos/crash-0835fd178e1198d6178636a16b3cffa102c655f4,DoS,stub,,,0,23
frozen_dos,crash-0c061a3be38e8044bac6858ca0f6dafd8b94c372,crashes/frozen_dos/crash-0c061a3be38e8044bac6858ca0f6dafd8b94c372,DoS,stub,,,0,6
frozen_dos,crash-0c35de40e16b23f8d0551fe2789353cf8aa3a03e,crashes/frozen_dos/crash-0c35de40e16b23f8d0551fe2789353cf8aa3a03e,DoS,stub,,,0,15
frozen_dos,crash-0c9d19625ee271bcd0d939c51e6652225ffb56e2,crashes/frozen_dos/crash-0c9d19625ee271bcd0d939c51e6652225ffb56e2,DoS,stub,,,0,87
frozen_dos,crash-0cc12758c9cb89836f2149b72bc866c554dd4a15,crashes/frozen_dos/crash-0cc12758c9cb89836f2149b72bc866c554dd4a15,DoS,stub,,,0,186
frozen_dos,crash-0d9fd007c79d87b64242458935e85212f3cd9caf,crashes/frozen_dos/crash-0d9fd007c79d87b64242458935e85212f3cd9caf,DoS,stub,,,0,491
frozen_dos,crash-18eafac2974da830040d21925b7101bf84b7ffc6,crashes/frozen_dos/crash-18eafac2974da830040d21925b7101bf84b7ffc6,DoS,stub,,,0,23
frozen_dos,crash-1a12d8391719258fc16b4bf7c73af08aee07b23a,crashes/frozen_dos/crash-1a12d8391719258fc16b4bf7c73af08aee07b23a,DoS,stub,,,0,26
frozen_dos,crash-1b26b086cea9407d487b01a1f6ef797fef4ff039,crashes/frozen_dos/crash-1b26b086cea9407d487b01a1f6ef797fef4ff039,DoS,stub,,,0,46
frozen_dos,crash-1b2bc82778cc61c96d4fdd1c0cad0ef22f80ef49,crashes/frozen_dos/crash-1b2bc82778cc61c96d4fdd1c0cad0ef22f80ef49,DoS,stub,,,0,89
frozen_dos,crash-1b79f1e86935e62d3571cbaa1b5c4612496cd568,crashes/frozen_dos/crash-1b79f1e86935e62d3571cbaa1b5c4612496cd568,DoS,stub,,,0,64
frozen_dos,crash-1ed4c8e70431e9d6c1ec5d04be4e95a80d22bab2,crashes/frozen_dos/crash-1ed4c8e70431e9d6c1ec5d04be4e95a80d22bab2,DoS,stub,,,0,11
frozen_dos,crash-1ef3815c0fd0d70ec29ad0613fe074653cda1f79,crashes/frozen_dos/crash-1ef3815c0fd0d70ec29ad0613fe074653cda1f79,DoS,stub,,,0,34
frozen_dos,crash-1f78b1d4de30e6f929309da8bf08d3b0b6340113,crashes/frozen_dos/crash-1f78b1d4de30e6f929309da8bf08d3b0b6340113,DoS,stub,,,0,54
frozen_dos,crash-1fba371eadf172ff62a76d215b431613e0f804fc,crashes/frozen_dos/crash-1fba371eadf172ff62a76d215b431613e0f804fc,DoS,stub,,,0,8
frozen_dos,crash-1fe89656d6899b490a3ec371fea8b3f2c29c61bb,crashes/frozen_dos/crash-1fe89656d6899b490a3ec371fea8b3f2c29c61bb,DoS,stub,,,0,63
frozen_dos,crash-212536f13baac3c11d64f8c75648d9c7c03692b9,crashes/frozen_dos/crash-212536f13baac3c11d64f8c75648d9c7c03692b9,DoS,stub,,,0,51
frozen_dos,crash-21f983a11f07b80e7bd78683b15dbd433ad444b3,crashes/frozen_dos/crash-21f983a11f07b80e7bd78683b15dbd433ad444b3,DoS,stub,,,0,55
frozen_dos,crash-22515f3a2c1c11af5ea965488f9ae2dd723f3bab,crashes/frozen_dos/crash-22515f3a2c1c11af5ea965488f9ae2dd723f3bab,DoS,stub,,,0,153
frozen_dos,crash-231248a1785280806f71b4e04224895a464de3fc,crashes/frozen_dos/crash-231248a1785280806f71b4e04224895a464de3fc,DoS,stub,,,0,15
frozen_dos,crash-23e511571f5361c276c08ded8cd75ab8323b2a9c,crashes/frozen_dos/crash-23e511571f5361c276c08ded8cd75ab8323b2a9c,DoS,stub,,,0,89
frozen_dos,crash-245f1c6eef3728b5e52a762288465e6d4f72f2f4,crashes/frozen_dos/crash-245f1c6eef3728b5e52a762288465e6d4f72f2f4,DoS,stub,,,0,11
frozen_dos,crash-24926d5f48f33569545733eeb00c718b5ba3ba74,crashes/frozen_dos/crash-24926d5f48f33569545733eeb00c718b5ba3ba74,DoS,stub,,,0,66
frozen_dos,crash-24a94b7241e9bf0a79c26e5a16f91ebb7ddef3f9,crashes/frozen_dos/crash-24a94b7241e9bf0a79c26e5a16f91ebb7ddef3f9,DoS,stub,,,0,66
frozen_dos,crash-24b498414a7611dc5f813eadbd06ba3ae99586d4,crashes/frozen_dos/crash-24b498414a7611dc5f813eadbd06ba3ae99586d4,DoS,stub,,,0,18
frozen_dos,crash-255f6df9b3129222ebcc5cdec4679de69662d6dd,crashes/frozen_dos/crash-255f6df9b3129222ebcc5cdec4679de69662d6dd,DoS,stub,,,0,4
frozen_dos,crash-273073391d834d165c43e76d17edeb0e87937bb8,crashes/frozen_dos/crash-273073391d834d165c43e76d17edeb0e87937bb8,DoS,stub,,,0,35
frozen_dos,crash-27a71cc61866a56290efe9cbb12489782564082d,crashes/frozen_dos/crash-27a71cc61866a56290efe9cbb12489782564082d,DoS,stub,,,0,108
frozen_dos,crash-284fb47f3ff358ac4bb65983f4c5c2e2452105f9,crashes/frozen_dos/crash-284fb47f3ff358ac4bb65983f4c5c2e2452105f9,DoS,stub,,,0,12
frozen_dos,crash-28d94fb3be904a85e9f5cb513e42c9893f4b4616,crashes/frozen_dos/crash-28d94fb3be904a85e9f5cb513e42c9893f4b4616,DoS,stub,,,0,61
frozen_dos,crash-28ec68914f1ae91b770dbe365bde30ee04f958a0,crashes/frozen_dos/crash-28ec68914f1ae91b770dbe365bde30ee04f958a0,DoS,stub,,,0,45
frozen_dos,crash-2ab3f49a015086a4f0345b298975cc8a3296b479,crashes/frozen_dos/crash-2ab3f49a015086a4f0345b298975cc8a3296b479,DoS,stub,,,0,12
