target,filename,path,cls,provenance,patched_still_faults
cjson_minify,crash-000d6c92139d9989d721affb674fbb5b3fae69c8,/Users/ebukaobi/Documents/NemesisForge/gen2/crashes/cjson_minify/crash-000d6c92139d9989d721affb674fbb5b3fae69c8,READ,fuzzer-found,0
cjson_minify,crash-01001da2865b6efc6264a86c2e32963de0e18e70,/Users/ebukaobi/Documents/NemesisForge/gen2/crashes/cjson_minify/crash-01001da2865b6efc6264a86c2e32963de0e18e70,READ,fuzzer-found,0
cjson_minify,crash-022c9fde327a109dd7bb6189b6e5bcf3b1105524,/Users/ebukaobi/Documents/NemesisForge/gen2/crashes/cjson_minify/crash-022c9fde327a109dd7bb6189b6e5bcf3b1105524,READ,fuzzer-found,0
cjson_minify,crash-03271ebf8058800f5593e96626a8b8d2600fc1c7,/Users/ebukaobi/Documents/NemesisForge/gen2/crashes/cjson_minify/crash-03271ebf8058800f5593e96626a8b8d2600fc1c7,READ,fuzzer-found,0
cjson_minify,crash-04ef68b88cf3c3ab34edec0dec4ccf24f9c5c12a,/Users/ebukaobi/Documents/NemesisForge/gen2/crashes/cjson_minify/crash-04ef68b88cf3c3ab34edec0dec4ccf24f9c5c12a,READ,fuzzer-found,0
cjson_minify,crash-06f9898301af2f437991f6b39f14bee3e9d05b9b,/Users/ebukaobi/Documents/NemesisForge/gen2/crashes/cjson_minify/crash-06f9898301af2f437991f6b39f14bee3e9d05b9b,READ,fuzzer-found,0
cjson_minify,crash-0851a034676da8214aea5c34c2da7d77092f4f8d,/Users/ebukaobi/Documents/NemesisForge/gen2/crashes/cjson_minify/crash-0851a034676da8214aea5c34c2da7d77092f4f8d,READ,fuzzer-found,0
cjson_minify,crash-098cce3304e5a37aa7ecddc715bf943c49a92020,/Users/ebukaobi/Documents/NemesisForge/gen2/crashes/cjson_minify/crash-098cce3304e5a37aa7ecddc715bf943c49a92020,READ,fuzzer-found,0
cjson_minify,crash-0ca10d0a3264bda460ad9daf0a8745e2999d96f5,/Users/ebukaobi/Documents/NemesisForge/gen2/crashes/cjson_minify/crash-0ca10d0a3264bda460ad9daf0a8745e2999d96f5,READ,fuzzer-found,0
cjson_minify,crash-0ee75e76c948a3155ce12222e3a72625a744a88a,/Users/ebukaobi/Documents/NemesisForge/gen2/crashes/cjson_minify/crash-0ee75e76c948a3155ce12222e3a72625a744a88a,READ,fuzzer-found,0
cjson_minify,crash-1052ca001fb6c08adee0d5a1268b6d2ffc1ae1b1,/Users/ebukaobi/Documents/NemesisForge/gen2/crashes/cjson_minify/crash-1052ca001fb6c08adee0d5a1268b6d2ffc1ae1b1,READ,fuzzer-found,0
cjson_minify,crash-11b05eb618a57b5d3c2e1ff54f884334135a340f,/Users/ebukaobi/Documents/NemesisForge/gen2/crashes/cjson_minify/crash-11b05eb618a57b5d3c2e1ff54f884334135a340f,READ,fuzzer-found,0
cjson_minify,crash-148de593ae37f0b0451350a0351ee8f2bc6bcd67,/Users/ebukaobi/Documents/NemesisForge/gen2/crashes/cjson_minify/crash-148de593ae37f0b0451350a0351ee8f2bc6bcd67,READ,fuzzer-found,0
cjson_minify,crash-16c3e245b9307cb252e2e897965f305ee10fbfe9,/Users/ebukaobi/Documents/NemesisForge/gen2/crashes/cjson_minify/crash-16c3e245b9307cb252e2e897965f305ee10fbfe9,READ,fuzzer-found,0
cjson_minify,crash-197ac9f525f78d9cd1d507d44b4c334a679a5fc1,/Users/ebukaobi/Documents/NemesisForge/gen2/crashes/cjson_minify/crash-197ac9f525f78d9cd1d507d44b4c334a679a5fc1,READ,fuzzer-found,0
cjson_minify,crash-1accc620a19aba0e37d443da314b17a2956ac875,/Users/ebukaobi/Documents/NemesisForge/gen2/crashes/cjson_minify/crash-1accc620a19aba0e37d443da314b17a2956ac875,READ,fuzzer-found,0
cjson_minify,crash-1d0fa01ed2e1e09a816a9f23dea6626da4fc3dad,/Users/ebukaobi/Documents/NemesisForge/gen2/crashes/cjson_minify/crash-1d0fa01ed2e1e09a816a9f23dea6626da4fc3dad,READ,fuzzer-found,0
cjson_minify,crash-1f4523ea83030367b864c8759bc24e069a1d732a,/Users/ebukaobi/Documents/NemesisForge/gen2/crashes/cjson_minify/crash-1f4523ea83030367b864c8759bc24e069a1d732a,READ,fuzzer-found,0
cjson_minify,crash-213816cdfa10ff1300471adc18cba763fe72c68f,/Users/ebukaobi/Documents/NemesisForge/gen2/crashes/cjson_minify/crash-213816cdfa10ff1300471adc18cba763fe72c68f,READ,fuzzer-found,0
cjson_minify,crash-2229d6d57c1632f2a0e2e434fc868104f696fdd6,/Users/ebukaobi/Documents/NemesisForge/gen2/crashes/cjson_minify/crash-2229d6d57c1632f2a0e2e434fc868104f696fdd6,READ,fuzzer-found,0
cjson_minify,crash-2394b7c43639668a7b71166248f9eb68baf98285,/Users/ebukaobi/Documents/NemesisForge/gen2/crashes/cjson_minify/crash-2394b7c43639668a7b71166248f9eb68baf98285,READ,fuzzer-found,0
cjson_minify,crash-260d2a7eba5ad81e1dafe1772c78858013bd04a3,/Users/ebukaobi/Documents/NemesisForge/gen2/crashes/cjson_minify/crash-260d2a7eba5ad81e1dafe1772c78858013bd04a3,READ,fuzzer-found,0
cjson_minify,crash-27812602f0fdbd4c87af5081575f3964523ee845,/Users/ebukaobi/Documents/NemesisForge/gen2/crashes/cjson_minify/crash-27812602f0fdbd4c87af5081575f3964523ee845,READ,fuzzer-found,0
cjson_minify,crash-29988e3d4352b2de8b421549d09a4984e9439aac,/Users/ebukaobi/Documents/NemesisForge/gen2/crashes/cjson_minify/crash-29988e3d4352b2de8b421549d09a4984e9439aac,READ,fuzzer-found,0
cjson_minify,crash-2ace62c1befa19e3ea37dd52be9f6d508c5163e6,/Users/ebukaobi/Documents/NemesisForge/gen2/crashes/cjson_minify/crash-2ace62c1befa19e3ea37dd52be9f6d508c5163e6,READ,fuzzer-found,0
cjson_minify,crash-2ba5ac4208e97d2326e207ee9dc30ba4eb5f0e0b,/Users/ebukaobi/Documents/NemesisForge/gen2/crashes/cjson_minify/crash-2ba5ac4208e97d2326e207ee9dc30ba4eb5f0e0b,READ,fuzzer-found,0
cjson_minify,crash-2d4d25389a7f6f6157c4d090266174ec9ec4ad7e,/Users/ebukaobi/Documents/NemesisForge/gen2/crashes/cjson_minify/crash-2d4d25389a7f6f6157c4d090266174ec9ec4ad7e,READ,fuzzer-found,0
cjson_minify,crash-2f776086b397dc9437776b09b78f0bab66055d66,/Users/ebukaobi/Documents/NemesisForge/gen2/crashes/cjson_minify/crash-2f776086b397dc9437776b09b78f0bab66055d66,READ,fuzzer-found,0
cjson_minify,crash-3298f1c7bcac0e1553ba54db039685bd98636890,/Users/ebukaobi/Documents/NemesisForge/gen2/crashes/cjson_minify/crash-3298f1c7bcac0e1553ba54db039685bd98636890,READ,fuzzer-found,0
cjson_minify,crash-346461d59c42d2c2e03592f343aae6ec66d77ea0,/Users/ebukaobi/Documents/NemesisForge/gen2/crashes/cjson_minify/crash-346461d59c42d2c2e03592f343aae6ec66d77ea0,READ,fuzzer-found,0
cjson_minify,crash-36cfd433673bbd73bb4b5ccf295701ce6da895b6,/Users/ebukaobi/Documents/NemesisForge/gen2/crashes/cjson_minify/crash-36cfd433673bbd73bb4b5ccf295701ce6da895b6,READ,fuzzer-found,0
cjson_minify,crash-376cb1590a1208b2436c333f35aefa9bda4ce034,/Users/ebukaobi/Documents/NemesisForge/gen2/crashes/cjson_minify/crash-376cb1590a1208b2436c333f35aefa9bda4ce034,READ,fuzzer-found,0
cjson_minify,crash-389f063500835f451d0ecb1a2332dc6a5da63780,/Users/ebukaobi/Documents/NemesisForge/gen2/crashes/cjson_minify/crash-389f063500835f451d0ecb1a2332dc6a5da63780,READ,fuzzer-found,0
cjson_minify,crash-396710b3e205657eda5e7b1fe3e01e17a613ffcc,/Users/ebukaobi/Documents/NemesisForge/gen2/crashes/cjson_minify/crash-396710b3e205657eda5e7b1fe3e01e17a613ffcc,READ,fuzzer-found,0
cjson_minify,crash-3baa54909463abdf38c6801575677e6f20571545,/Users/ebukaobi/Documents/NemesisForge/gen2/crashes/cjson_minify/crash-3baa54909463abdf38c6801575677e6f20571545,READ,fuzzer-found,0
cjson_minify,crash-3d8540a76bafde21fe2395f1faed9104d90e6ff9,/Users/ebukaobi/Documents/NemesisForge/gen2/crashes/cjson_minify/crash-3d8540a76bafde21fe2395f1faed9104d90e6ff9,READ,fuzzer-found,0
cjson_minify,crash-3f530c987db7e7275d636cd246f1be39c49e04b3,/Users/ebukaobi/Documents/NemesisForge/gen2/crashes/cjson_minify/crash-3f530c987db7e7275d636cd246f1be39c49e04b3,READ,fuzzer-found,0
cjson_minify,crash-40e4b0a63a07184216f22577af1105fd3e3f185d,/Users/ebukaobi/Documents/NemesisForge/gen2/crashes/cjson_minify/crash-40e4b0a63a07184216f22577af1105fd3e3f185d,READ,fuzzer-found,0
cjson_minify,crash-42801fe774ff8cbb723b0ba9f1c53a67f62578fa,/Users/ebukaobi/Documents/NemesisForge/gen2/crashes/cjson_minify/crash-42801fe774ff8cbb723b0ba9f1c53a67f62578fa,READ,fuzzer-found,0
cjson_minify,crash-43ccf024100c21abca881518f8408a6e048b277b,/Users/ebukaobi/Documents/NemesisForge/gen2/crashes/cjson_minify/crash-43ccf024100c21abca881518f8408a6e048b277b,READ,fuzzer-found,0
cjson_minify,crash-45df040ede22a1d05d86be0ff8dcd7df1e890547,/Users/ebukaobi/Documents/NemesisForge/gen2/crashes/cjson_minify/crash-45df040ede22a1d05d86be0ff8dcd7df1e890547,READ,fuzzer-found,0
cjson_minify,crash-472f4d706a5beea2b9589e235d2958aff8caf207,/Users/ebukaobi/Documents/NemesisForge/gen2/crashes/cjson_minify/crash-472f4d706a5beea2b9589e235d2958aff8caf207,READ,fuzzer-found,0
cjson_minify,crash-48cd2a86e3b709b1a8c2808caa0624a65e702d81,/Users/ebukaobi/Documents/NemesisForge/gen2/crashes/cjson_minify/crash-48cd2a86e3b709b1a8c2808caa0624a65e702d81,READ,fuzzer-found,0
cjson_minify,crash-4a620291047485dd20b3e301f5525590721ff393,/Users/ebukaobi/Documents/NemesisForge/gen2/crashes/cjson_minify/crash-4a620291047485dd20b3e301f5525590721ff393,READ,fuzzer-found,0
cjson_minify,crash-4c56f9dcbe1d1eeed40b029590aa94413a8973cf,/Users/ebukaobi/Documents/NemesisForge/gen2/crashes/cjson_minify/crash-4c56f9dcbe1d1eeed40b029590aa94413a8973cf,READ,fuzzer-found,0
cjson_minify,crash-4d715017f103538f9fa5f396b4bc7b5d766330b2,/Users/ebukaobi/Documents/NemesisForge/gen2/crashes/cjson_minify/crash-4d715017f103538f9fa5f396b4bc7b5d766330b2,READ,fuzzer-found,0
cjson_minify,crash-4e73c34cdbc76a3bd228d58cffd660cb30336f69,/Users/ebukaobi/Documents/NemesisForge/gen2/crashes/cjson_minify/crash-4e73c34cdbc76a3bd228d58cffd660cb30336f69,READ,fuzzer-found,0
cjson_minify,crash-50552ecfa7b882d8cf37070981349168dc451fc3,/Users/ebukaobi/Documents/NemesisForge/gen2/crashes/cjson_minify/crash-50552ecfa7b882d8cf37070981349168dc451fc3,READ,fuzzer-found,0
cjson_minify,crash-51baf9b4e3df9f067366dd9267012efd622c4a6d,/Users/ebukaobi/Documents/NemesisForge/gen2/crashes/cjson_minify/crash-51baf9b4e3df9f067366dd9267012efd622c4a6d,READ,fuzzer-found,0
cjson_minify,crash-52c093ed4ca185edb8a29d32ac0d9a17bb7670fe,/Users/ebukaobi/Documents/NemesisForge/gen2/crashes/cjson_minify/crash-52c093ed4ca185edb8a29d32ac0d9a17bb7670fe,READ,fuzzer-found,0
cjson_minify,crash-550c1f50172d32cfc7e0224899dcf35218b272a9,/Users/ebukaobi/Documents/NemesisForge/gen2/crashes/cjson_minify/crash-550c1f50172d32cfc7e0224899dcf35218b272a9,READ,fuzzer-found,0
cjson_minify,crash-56bd3656d62ccdff759f5f53e1bb7deef148e9be,/Users/ebukaobi/Documents/NemesisForge/gen2/crashes/cjson_minify/crash-56bd3656d62ccdff759f5f53e1bb7deef148e9be,READ,fuzzer-found,0
cjson_minify,crash-586e0dc9af814130ba814ccf2ec5200ed6efe83d,/Users/ebukaobi/Documents/NemesisForge/gen2/crashes/cjson_minify/crash-586e0dc9af814130ba814ccf2ec5200ed6efe83d,READ,fuzzer-found,0
cjson_minify,crash-5afcf7cc9bd3061a68af7e3260e8626cad821a18,/Users/ebukaobi/Documents/NemesisForge/gen2/crashes/cjson_minify/crash-5afcf7cc9bd3061a68af7e3260e8626cad821a18,READ,fuzzer-found,0
cjson_minify,crash-5bb25561c522e8e1735c8ba360509847f9906a95,/Users/ebukaobi/Documents/NemesisForge/gen2/crashes/cjson_minify/crash-5bb25561c522e8e1735c8ba360509847f9906a95,READ,fuzzer-found,0
cjson_minify,crash-5cee425e731e5c9156d69eba38400cf42297adde,/Users/ebukaobi/Documents/NemesisForge/gen2/crashes/cjson_minify/crash-5cee425e731e5c9156d69eba38400cf42297adde,READ,fuzzer-found,0
cjson_minify,crash-5e97badafa1a0c5ec8448147744ef34ffaaa6f0a,/Users/ebukaobi/Documents/NemesisForge/gen2/crashes/cjson_minify/crash-5e97badafa1a0c5ec8448147744ef34ffaaa6f0a,READ,fuzzer-found,0
cjson_minify,crash-5ffd3773bcb9c2dbd137d27889f5de752b43c617,/Users/ebukaobi/Documents/NemesisForge/gen2/crashes/cjson_minify/crash-5ffd3773bcb9c2dbd137d27889f5de752b43c617,READ,fuzzer-found,0
cjson_minify,crash-61dc4e9acef512e5833885d758f243e836a4bbff,/Users/ebukaobi/Documents/NemesisForge/gen2/crashes/cjson_minify/crash-61dc4e9acef512e5833885d758f243e836a4bbff,READ,fuzzer-found,0
cjson_minify,crash-63656fb8b9f7bb06ced2aa016c132874f434852e,/Users/ebukaobi/Documents/NemesisForge/gen2/crashes/cjson_minify/crash-63656fb8b9f7bb06ced2aa016c132874f434852e,READ,fuzzer-found,0
cjson_minify,crash-64b87f8e2c7e2bb8e204ca3f44e5587e13ca261d,/Users/ebukaobi/Documents/NemesisForge/gen2/crashes/cjson_minify/crash-64b87f8e2c7e2bb8e204ca3f44e5587e13ca261d,READ,fuzzer-found,0
cjson_minify,crash-66c6666e5fd21dea0c30e0836c18b07f253716ff,/Users/ebukaobi/Documents/NemesisForge/gen2/crashes/cjson_minify/crash-66c6666e5fd21dea0c30e0836c18b07f253716ff,READ,fuzzer-found,0
cjson_minify,crash-6807e848464ecdde9ef1420b6f803de938e5be48,/Users/ebukaobi/Documents/NemesisForge/gen2/crashes/cjson_minify/crash-6807e848464ecdde9ef1420b6f803de938e5be48,READ,fuzzer-found,0
cjson_minify,crash-6a1a3089439603ab2bcbe2313ae437f71337a6e6,/Users/ebukaobi/Documents/NemesisForge/gen2/crashes/cjson_minify/crash-6a1a3089439603ab2bcbe2313ae437f71337a6e6,READ,fuzzer-found,0
cjson_minify,crash-6b582b749ab3cc1ee8420d21414bf41b6a8ab344,/Users/ebukaobi/Documents/NemesisForge/gen2/crashes/cjson_minify/crash-6b582b749ab3cc1ee8420d21414bf41b6a8ab344,READ,fuzzer-found,0
cjson_minify,crash-6cdf383f547fc3e541d6d27058e0ab00de14403b,/Users/ebukaobi/Documents/NemesisForge/gen2/crashes/cjson_minify/crash-6cdf383f547fc3e541d6d27058e0ab00de14403b,READ,fuzzer-found,0
cjson_minify,crash-6e8c8aac16beac0b880c74cb9f76813631638ff5,/Users/ebukaobi/Documents/NemesisForge/gen2/crashes/cjson_minify/crash-6e8c8aac16beac0b880c74cb9f76813631638ff5,READ,fuzzer-found,0
cjson_minify,crash-714adafbd355bed353f0c851cdbcfb7e3ddc2ba0,/Users/ebukaobi/Documents/NemesisForge/gen2/crashes/cjson_minify/crash-714adafbd355bed353f0c851cdbcfb7e3ddc2ba0,READ,fuzzer-found,0
cjson_minify,crash-72e16bebba042aeee57bc4d7b96a763721601044,/Users/ebukaobi/Documents/NemesisForge/gen2/crashes/cjson_minify/crash-72e16bebba042aeee57bc4d7b96a763721601044,READ,fuzzer-found,0
cjson_minify,crash-74b49f06612dc63f5baeef39f902890e184c2527,/Users/ebukaobi/Documents/NemesisForge/gen2/crashes/cjson_minify/crash-74b49f06612dc63f5baeef39f902890e184c2527,READ,fuzzer-found,0
cjson_minify,crash-75b52fa7935754d1b9062e2a207ae653297c63eb,/Users/ebukaobi/Documents/NemesisForge/gen2/crashes/cjson_minify/crash-75b52fa7935754d1b9062e2a207ae653297c63eb,READ,fuzzer-found,0
cjson_minify,crash-797a8753a6c4c693d9d8eb918edff96a0212ed45,/Users/ebukaobi/Documents/NemesisForge/gen2/crashes/cjson_minify/crash-797a8753a6c4c693d9d8eb918edff96a0212ed45,READ,fuzzer-found,0
cjson_minify,crash-7b59d3d90d0b730c2d82da7edd7a79c85878b102,/Users/ebukaobi/Documents/NemesisForge/gen2/crashes/cjson_minify/crash-7b59d3d90d0b730c2d82da7edd7a79c85878b102,READ,fuzzer-found,0
cjson_minify,crash-7c0f3cd435007f7da0e73bcf53b83f20f8ceb4ad,/Users/ebukaobi/Documents/NemesisForge/gen2/crashes/cjson_minify/crash-7c0f3cd435007f7da0e73bcf53b83f20f8ceb4ad,READ,fuzzer-found,0
cjson_minify,crash-7ddf03d967e65deebc5f8876bce25bd5a5c80c1a,/Users/ebukaobi/Documents/NemesisForge/gen2/crashes/cjson_minify/crash-7ddf03d967e65deebc5f8876bce25bd5a5c80c1a,READ,fuzzer-found,0
cjson_minify,crash-80c204238569536be2bd7b5b26554a866fbc46ef,/Users/ebukaobi/Documents/NemesisForge/gen2/crashes/cjson_minify/crash-80c204238569536be2bd7b5b26554a866fbc46ef,READ,fuzzer-found,0
cjson_minify,crash-81da7823395d0518398b926fdb03182faad4f0cb,/Users/ebukaobi/Documents/NemesisForge/gen2/crashes/cjson_minify/crash-81da7823395d0518398b926fdb03182faad4f0cb,READ,fuzzer-found,0
cjson_minify,crash-83172d73fa5fd168a151235a22891d2fb54a10b7,/Users/ebukaobi/Documents/NemesisForge/gen2/crashes/cjson_minify/crash-83172d73fa5fd168a151235a22891d2fb54a10b7,READ,fuzzer-found,0
cjson_minify,crash-84a99f882f463ca44f5f3ffec548bf2b6e40a48b,/Users/ebukaobi/Documents/NemesisForge/gen2/crashes/cjson_minify/crash-84a99f882f463ca44f5f3ffec548bf2b6e40a48b,READ,fuzzer-found,0
cjson_minify,crash-874adcdef074576b99d4a19d5477db98f70034a9,/Users/ebukaobi/Documents/NemesisForge/gen2/crashes/cjson_minify/crash-874adcdef074576b99d4a19d5477db98f70034a9,READ,fuzzer-found,0
cjson_minify,crash-898d05d864d0cf44b554a496c072a3495925c398,/Users/ebukaobi/Documents/NemesisForge/gen2/crashes/cjson_minify/crash-898d05d864d0cf44b554a496c072a3495925c398,READ,fuzzer-found,0
cjson_minify,crash-8b2ec6fa6b3c614a495c2a00797a6b6a0d1c0a65,/Users/ebukaobi/Documents/NemesisForge/gen2/crashes/cjson_minify/crash-8b2ec6fa6b3c614a495c2a00797a6b6a0d1c0a65,READ,fuzzer-found,0
cjson_minify,crash-8c63081427e98c271377039d4741973323532b45,/Users/ebukaobi/Documents/NemesisForge/gen2/crashes/cjson_minify/crash-8c63081427e98c271377039d4741973323532b45,READ,fuzzer-found,0
cjson_minify,crash-8de78455e98e00c39e9bae833124ae4d930ab807,/Users/ebukaobi/Documents/NemesisForge/gen2/crashes/cjson_minify/crash-8de78455e98e00c39e9bae833124ae4d930ab807,READ,fuzzer-found,0
cjson_minify,crash-8ff1b70a81ac9bf1ad9fd7c3d70cdd77949d2742,/Users/ebukaobi/Documents/NemesisForge/gen2/crashes/cjson_minify/crash-8ff1b70a81ac9bf1ad9fd7c3d70cdd77949d2742,READ,fuzzer-found,0
cjson_minify,crash-9289e27b83ce82e3fc49b41843ce5fbc6d7609d8,/Users/ebukaobi/Documents/NemesisForge/gen2/crashes/cjson_minify/crash-9289e27b83ce82e3fc49b41843ce5fbc6d7609d8,READ,fuzzer-found,0
cjson_minify,crash-94d4282b7aa8db64cee5fe1b5c9c025b6219a138,/Users/ebukaobi/Documents/NemesisForge/gen2/crashes/cjson_minify/crash-94d4282b7aa8db64cee5fe1b5c9c025b6219a138,READ,fuzzer-found,0
cjson_minify,crash-9607b3851e593be72e4094c454d7ae5538139677,/Users/ebukaobi/Documents/NemesisForge/gen2/crashes/cjson_minify/crash-9607b3851e593be72e4094c454d7ae5538139677,READ,fuzzer-found,0
cjson_minify,crash-981ddfd83a793ea357848c74e8233223929465e5,/Users/ebukaobi/Documents/NemesisForge/gen2/crashes/cjson_minify/crash-981ddfd83a793ea357848c74e8233223929465e5,READ,fuzzer-found,0
cjson_minify,crash-99572a8f55f2b4a3063157e9d66edc39881b7b09,/Users/ebukaobi/Documents/NemesisForge/gen2/crashes/cjson_minify/crash-99572a8f55f2b4a3063157e9d66edc39881b7b09,READ,fuzzer-found,0
cjson_minify,crash-9b218aca38462ad9c2aa058c03197d0aec9f2107,/Users/ebukaobi/Documents/NemesisForge/gen2/crashes/cjson_minify/crash-9b218aca38462ad9c2aa058c03197d0aec9f2107,READ,fuzzer-found,0
cjson_minify,crash-9d0faf26db9840a8fd7e00c212c2fea5b7c56078,/Users/ebukaobi/Documents/NemesisForge/gen2/crashes/cjson_minify/crash-9d0faf26db9840a8fd7e00c212c2fea5b7c56078,READ,fuzzer-found,0
cjson_minify,crash-9e5c835ee1570f5fc29f9a888c95144a897e17d0,/Users/ebukaobi/Documents/NemesisForge/gen2/crashes/cjson_minify/crash-9e5c835ee1570f5fc29f9a888c95144a897e17d0,READ,fuzzer-found,0
cjson_minify,crash-9f75065599b35451083756d4f2614c90adf18bf3,/Users/ebukaobi/Documents/NemesisForge/gen2/crashes/cjson_minify/crash-9f75065599b35451083756d4f2614c90adf18bf3,READ,fuzzer-found,0
cjson_minify,crash-a11b554aef300ed10df4a78f1f25709e52236c90,/Users/ebukaobi/Documents/NemesisForge/gen2/crashes/cjson_minify/crash-a11b554aef300ed10df4a78f1f25709e52236c90,READ,fuzzer-found,0
cjson_minify,crash-a2658623c7f24f8742faccdad5765734e369b8f0,/Users/ebukaobi/Documents/NemesisForge/gen2/crashes/cjson_minify/crash-a2658623c7f24f8742faccdad5765734e369b8f0,READ,fuzzer-found,0
cjson_minify,crash-a44907b1b015ed77576f9b3f808479c2af27fb3b,/Users/ebukaobi/Documents/NemesisForge/gen2/crashes/cjson_minify/crash-a44907b1b015ed77576f9b3f808479c2af27fb3b,READ,fuzzer-found,0
cjson_minify,crash-a5fd1f0a41e7275c1c615bff6a812b6c1e856673,/Users/ebukaobi/Documents/NemesisForge/gen2/crashes/cjson_minify/crash-a5fd1f0a41e7275c1c615bff6a812b6c1e856673,READ,fuzzer-found,0
cjson_minify,crash-a79c64fc3ebde369da4df281c0dd2d110c9968e1,/Users/ebukaobi/Documents/NemesisForge/gen2/crashes/cjson_minify/crash-a79c64fc3ebde369da4df281c0dd2d110c9968e1,READ,fuzzer-found,0
cjson_minify,crash-a9cf042f7e249628e6aec158bc1a98eba08892a3,/Users/ebukaobi/Documents/NemesisForge/gen2/crashes/cjson_minify/crash-a9cf042f7e249628e6aec158bc1a98eba08892a3,READ,fuzzer-found,0
cjson_minify,crash-abdebae470800be1211cf34ee7ddbfc21fa5f335,/Users/ebukaobi/Documents/NemesisForge/gen2/crashes/cjson_minify/crash-abdebae470800be1211cf34ee7ddbfc21fa5f335,READ,fuzzer-found,0
cjson_minify,crash-ad98407978c1c5f772b6d0176eaf1d7008c9dae8,/Users/ebukaobi/Documents/NemesisForge/gen2/crashes/cjson_minify/crash-ad98407978c1c5f772b6d0176eaf1d7008c9dae8,READ,fuzzer-found,0
cjson_minify,crash-afeefb3b42fa2c5fade96c0226d7e71b59cbaac9,/Users/ebukaobi/Documents/NemesisForge/gen2/crashes/cjson_minify/crash-afeefb3b42fa2c5fade96c0226d7e71b59cbaac9,READ,fuzzer-found,0
cjson_minify,crash-b218382c4d83e32a40796891d9f3bc4f202b5e67,/Users/ebukaobi/Documents/NemesisForge/gen2/crashes/cjson_minify/crash-b218382c4d83e32a40796891d9f3bc4f202b5e67,READ,fuzzer-found,0
cjson_minify,crash-b39de0ada195c9de41ebbabac2c3c79c71519cb2,/Users/ebukaobi/Documents/NemesisForge/gen2/crashes/cjson_minify/crash-b39de0ada195c9de41ebbabac2c3c79c71519cb2,READ,fuzzer-found,0
cjson_minify,crash-b54d03b20feeafcf250b31c7dc44edd8df156c5f,/Users/ebukaobi/Documents/NemesisForge/gen2/crashes/cjson_minify/crash-b54d03b20feeafcf250b31c7dc44edd8df156c5f,READ,fuzzer-found,0
cjson_minify,crash-b7222ace3c042b5f2d9b71a7c74f64490057161b,/Users/ebukaobi/Documents/NemesisForge/gen2/crashes/cjson_minify/crash-b7222ace3c042b5f2d9b71a7c74f64490057161b,READ,fuzzer-found,0
cjson_minify,crash-b91f407ad53c2843a26d18005a7519dc13843fc4,/Users/ebukaobi/Documents/NemesisForge/gen2/crashes/cjson_minify/crash-b91f407ad53c2843a26d18005a7519dc13843fc4,READ,fuzzer-found,0
cjson_minify,crash-ba21fb792a17b735ef474e27236596d21db4b339,/Users/ebukaobi/Documents/NemesisForge/gen2/crashes/cjson_minify/crash-ba21fb792a17b735ef474e27236596d21db4b339,READ,fuzzer-found,0
cjson_minify,crash-bba9c3122cb8808f785206773e7e97e505f5dbf9,/Users/ebukaobi/Documents/NemesisForge/gen2/crashes/cjson_minify/crash-bba9c3122cb8808f785206773e7e97e505f5dbf9,READ,fuzzer-found,0
cjson_minify,crash-bd867ee6257e0bd382d2ddd9c8b39be43fe5bcba,/Users/ebukaobi/Documents/NemesisForge/gen2/crashes/cjson_minify/crash-bd867ee6257e0bd382d2ddd9c8b39be43fe5bcba,READ,fuzzer-found,0
cjson_minify,crash-bfadb45c407e923081cfc12b5e6143b3ff5f7ff3,/Users/ebukaobi/Documents/NemesisForge/gen2/crashes/cjson_minify/crash-bfadb45c407e923081cfc12b5e6143b3ff5f7ff3,READ,fuzzer-found,0
cjson_minify,crash-c119a67d13b3160409f27091056177856c120d0b,/Users/ebukaobi/Documents/NemesisForge/gen2/crashes/cjson_minify/crash-c119a67d13b3160409f27091056177856c120d0b,READ,fuzzer-found,0
cjson_minify,crash-c2e313cac78ea557ab601b23decb7fc6c874f9ed,/Users/ebukaobi/Documents/NemesisForge/gen2/crashes/cjson_minify/crash-c2e313cac78ea557ab601b23decb7fc6c874f9ed,READ,fuzzer-found,0
cjson_minify,crash-c434a2f1b3e661603c222a9c36292be9ae3a28b9,/Users/ebukaobi/Documents/NemesisForge/gen2/crashes/cjson_minify/crash-c434a2f1b3e661603c222a9c36292be9ae3a28b9,READ,fuzzer-found,0
cjson_minify,crash-c561fa9bec5a7c89a76a5c750cad39c7a872cf54,/Users/ebukaobi/Documents/NemesisForge/gen2/crashes/cjson_minify/crash-c561fa9bec5a7c89a76a5c750cad39c7a872cf54,READ,fuzzer-found,0
cjson_minify,crash-c7195dd2452193e9b940ab74c7a4ef1c4fa24973,/Users/ebukaobi/Documents/NemesisForge/gen2/crashes/cjson_minify/crash-c7195dd2452193e9b940ab74c7a4ef1c4fa24973,READ,fuzzer-found,0
cjson_minify,crash-c96a669a952cdf6f9213ac1b01f12ae10c97c2ff,/Users/ebukaobi/Documents/NemesisForge/gen2/crashes/cjson_minify/crash-c96a669a952cdf6f9213ac1b01f12ae10c97c2ff,READ,fuzzer-found,0
cjson_minify,crash-cb55372bfee50a4f70e1f46bf15655b435bf28ad,/Users/ebukaobi/Documents/NemesisForge/gen2/crashes/cjson_minify/crash-cb55372bfee50a4f70e1f46bf15655b435bf28ad,READ,fuzzer-found,0
cjson_minify,crash-cc394da5456a78dbb734f3571ff9575aea340987,/Users/ebukaobi/Documents/NemesisForge/gen2/crashes/cjson_minify/crash-cc394da5456a78dbb734f3571ff9575aea340987,READ,fuzzer-found,0
cjson_minify,crash-ce5373fc394b84eb262a3f9ca8d376446080a944,/Users/ebukaobi/Documents/NemesisForge/gen2/crashes/cjson_minify/crash-ce5373fc394b84eb262a3f9ca8d376446080a944,READ,fuzzer-found,0
cjson_minify,crash-d018959863aa6cab4211db6de89112584b447410,/Users/ebukaobi/Documents/NemesisForge/gen2/crashes/cjson_minify/crash-d018959863aa6cab4211db6de89112584b447410,READ,fuzzer-found,0
cjson_minify,crash-d2612350d867f441646aeb245214e0b5063750ef,/Users/ebukaobi/Documents/NemesisForge/gen2/crashes/cjson_minify/crash-d2612350d867f441646aeb245214e0b5063750ef,READ,fuzzer-found,0
cjson_minify,crash-d508822cd7041af0c39741d136a73b677b6f3afb,/Users/ebukaobi/Documents/NemesisForge/gen2/crashes/cjson_minify/crash-d508822cd7041af0c39741d136a73b677b6f3afb,READ,fuzzer-found,0
cjson_minify,crash-d6cce84bde985d0110bf8bcd77699ce5824cf4ce,/Users/ebukaobi/Documents/NemesisForge/gen2/crashes/cjson_minify/crash-d6cce84bde985d0110bf8bcd77699ce5824cf4ce,READ,fuzzer-found,0
cjson_minify,crash-d9139eb0caa4008e954ece1443875fade3f81dbd,/Users/ebukaobi/Documents/NemesisForge/gen2/crashes/cjson_minify/crash-d9139eb0caa4008e954ece1443875fade3f81dbd,READ,fuzzer-found,0
cjson_minify,crash-da21ee056b03360a4a38bd7980b30f42d6e5ee22,/Users/ebukaobi/Documents/NemesisForge/gen2/crashes/cjson_minify/crash-da21ee056b03360a4a38bd7980b30f42d6e5ee22,READ,fuzzer-found,0
cjson_minify,crash-dc42171bebf36b68603eb7a1670d33fdb7ed0c3c,/Users/ebukaobi/Documents/NemesisForge/gen2/crashes/cjson_minify/crash-dc42171bebf36b68603eb7a1670d33fdb7ed0c3c,READ,fuzzer-found,0
cjson_minify,crash-ddbe184080b38bc5bb4091906882c8afc751a3f6,/Users/ebukaobi/Documents/NemesisForge/gen2/crashes/cjson_minify/crash-ddbe184080b38bc5bb4091906882c8afc751a3f6,READ,fuzzer-found,0
cjson_minify,crash-df76332cc5614ddda903a217f172790cd17afa9b,/Users/ebukaobi/Documents/NemesisForge/gen2/crashes/cjson_minify/crash-df76332cc5614ddda903a217f172790cd17afa9b,READ,fuzzer-found,0
cjson_minify,crash-e13ba93ee1d15fa355b67baf54ab3c24b9f78291,/Users/ebukaobi/Documents/NemesisForge/gen2/crashes/cjson_minify/crash-e13ba93ee1d15fa355b67baf54ab3c24b9f78291,READ,fuzzer-found,0
cjson_minify,crash-e35f460a153de5c31814e672432e4ccb06c06c11,/Users/ebukaobi/Documents/NemesisForge/gen2/crashes/cjson_minify/crash-e35f460a153de5c31814e672432e4ccb06c06c11,READ,fuzzer-found,0
cjson_minify,crash-e51c9da920173949664ed9cbe4a9bf87b44bf360,/Users/ebukaobi/Documents/NemesisForge/gen2/crashes/cjson_minify/crash-e51c9da920173949664ed9cbe4a9bf87b44bf360,READ,fuzzer-found,0
cjson_minify,crash-e66a71872b289d1a0eccf3c2f2c72837850e41c5,/Users/ebukaobi/Documents/NemesisForge/gen2/crashes/cjson_minify/crash-e66a71872b289d1a0eccf3c2f2c72837850e41c5,READ,fuzzer-found,0
cjson_minify,crash-e7e3d4140490babef1f7b2bfb52d32d39d8ad137,/Users/ebukaobi/Documents/NemesisForge/gen2/crashes/cjson_minify/crash-e7e3d4140490babef1f7b2bfb52d32d39d8ad137,READ,fuzzer-found,0
cjson_minify,crash-e951ee2d78a4eae3056cf4619a055065b255cb92,/Users/ebukaobi/Documents/NemesisForge/gen2/crashes/cjson_minify/crash-e951ee2d78a4eae3056cf4619a055065b255cb92,READ,fuzzer-found,0
cjson_minify,crash-ea2addbe680ce9ea652dfad8e096167dfd521ed3,/Users/ebukaobi/Documents/NemesisForge/gen2/crashes/cjson_minify/crash-ea2addbe680ce9ea652dfad8e096167dfd521ed3,READ,fuzzer-found,0
cjson_minify,crash-ebd138ea2c01020016de8d27c0d04dbd884c7ca8,/Users/ebukaobi/Documents/NemesisForge/gen2/crashes/cjson_minify/crash-ebd138ea2c01020016de8d27c0d04dbd884c7ca8,READ,fuzzer-found,0
cjson_minify,crash-ed2cbb454d382542b7095b4359f0da13d854e513,/Users/ebukaobi/Documents/NemesisForge/gen2/crashes/cjson_minify/crash-ed2cbb454d382542b7095b4359f0da13d854e513,READ,fuzzer-found,0
cjson_minify,crash-ef65af05de05e3bcc8004195622e286ceb8f2c8b,/Users/ebukaobi/Documents/NemesisForge/gen2/crashes/cjson_minify/crash-ef65af05de05e3bcc8004195622e286ceb8f2c8b,READ,fuzzer-found,0
cjson_minify,crash-f0e32b7a940b7feb18f3a27972e76b94ec690226,/Users/ebukaobi/Documents/NemesisForge/gen2/crashes/cjson_minify/crash-f0e32b7a940b7feb18f3a27972e76b94ec690226,READ,fuzzer-found,0
cjson_minify,crash-f28c9e9d1617658a649c8942367235047a78d593,/Users/ebukaobi/Documents/NemesisForge/gen2/crashes/cjson_minify/crash-f28c9e9d1617658a649c8942367235047a78d593,READ,fuzzer-found,0
cjson_minify,crash-f43f3b1d089f334277f009eecc49b14518ca3cdb,/Users/ebukaobi/Documents/NemesisForge/gen2/crashes/cjson_minify/crash-f43f3b1d089f334277f009eecc49b14518ca3cdb,READ,fuzzer-found,0
cjson_minify,crash-f6067ac636abdd2fc4c7da3696d048d009267c43,/Users/ebukaobi/Documents/NemesisForge/gen2/crashes/cjson_minify/crash-f6067ac636abdd2fc4c7da3696d048d009267c43,READ,fuzzer-found,0
cjson_minify,crash-f6f7a9a2ab549e6d1580a43560a42fd9ef1d271b,/Users/ebukaobi/Documents/NemesisForge/gen2/crashes/cjson_minify/crash-f6f7a9a2ab549e6d1580a43560a42fd9ef1d271b,READ,fuzzer-found,0
cjson_minify,crash-f89ea17b1d8adc644280fc61edbd99e5d352771e,/Users/ebukaobi/Documents/NemesisForge/gen2/crashes/cjson_minify/crash-f89ea17b1d8adc644280fc61edbd99e5d352771e,READ,fuzzer-found,0
cjson_minify,crash-fab15ce554723b076d5b6d98b2b56c751f3fe6ab,/Users/ebukaobi/Documents/NemesisForge/gen2/crashes/cjson_minify/crash-fab15ce554723b076d5b6d98b2b56c751f3fe6ab,READ,fuzzer-found,0
cjson_minify,crash-fbfaebb6f09752049eec86911aa88bf7c9de8355,/Users/ebukaobi/Documents/NemesisForge/gen2/crashes/cjson_minify/crash-fbfaebb6f09752049eec86911aa88bf7c9de8355,READ,fuzzer-found,0
cjson_minify,crash-fd68ba2cf0914c706ec4c739864219afba11d629,/Users/ebukaobi/Documents/NemesisForge/gen2/crashes/cjson_minify/crash-fd68ba2cf0914c706ec4c739864219afba11d629,READ,fuzzer-found,0
cjson_minify,crash-fe9cd3d9aaa18713cf098f09b8c8abc1b16d6f4e,/Users/ebukaobi/Documents/NemesisForge/gen2/crashes/cjson_minify/crash-fe9cd3d9aaa18713cf098f09b8c8abc1b16d6f4e,READ,fuzzer-found,0
cjson_parsestr,crash-007cee8a132073af1a34ef832b8743824e0dbfd3,/Users/ebukaobi/Documents/NemesisForge/gen2/crashes/cjson_parsestr/crash-007cee8a132073af1a34ef832b8743824e0dbfd3,READ,fuzzer-found,0
cjson_parsestr,crash-011174ac5c0226770decceedecc562d58ff00fe8,/Users/ebukaobi/Documents/NemesisForge/gen2/crashes/cjson_parsestr/crash-011174ac5c0226770decceedecc562d58ff00fe8,READ,fuzzer-found,0
cjson_parsestr,crash-036d7bd2fc0da47a8db56441bc19f0f09cce6548,/Users/ebukaobi/Documents/NemesisForge/gen2/crashes/cjson_parsestr/crash-036d7bd2fc0da47a8db56441bc19f0f09cce6548,READ,fuzzer-found,0
cjson_parsestr,crash-058f64bbb6e46376a38b46ae86c7916aa7b4a0f6,/Users/ebukaobi/Documents/NemesisForge/gen2/crashes/cjson_parsestr/crash-058f64bbb6e46376a38b46ae86c7916aa7b4a0f6,READ,fuzzer-found,0
cjson_parsestr,crash-0784eed313d85662133e873afbb70f0a35e4e2d9,/Users/ebukaobi/Documents/NemesisForge/gen2/crashes/cjson_parsestr/crash-0784eed313d85662133e873afbb70f0a35e4e2d9,READ,fuzzer-found,0
cjson_parsestr,crash-07beefcb0b37eaa73be0cb3fece7c063f31ea70e,/Users/ebukaobi/Documents/NemesisForge/gen2/crashes/cjson_parsestr/crash-07beefcb0b37eaa73be0cb3fece7c063f31ea70e,READ,fuzzer-found,0
cjson_parsestr,crash-08d729df7c540476393e8c4a1d027eb728f50218,/Users/ebukaobi/Documents/NemesisForge/gen2/crashes/cjson_parsestr/crash-08d729df7c540476393e8c4a1d027eb728f50218,READ,fuzzer-found,0
cjson_parsestr,crash-09a94b1cc3997c434b002d70f311195577cecf51,/Users/ebukaobi/Documents/NemesisForge/gen2/crashes/cjson_parsestr/crash-09a94b1cc3997c434b002d70f311195577cecf51,READ,fuzzer-found,0
cjson_parsestr,crash-0d77b55f22aa150db4f6b5062b43621a9d88afe5,/Users/ebukaobi/Documents/NemesisForge/gen2/crashes/cjson_parsestr/crash-0d77b55f22aa150db4f6b5062b43621a9d88afe5,READ,fuzzer-found,0
cjson_parsestr,crash-126724fe041e6749131d731336b1e594c2c547b3,/Users/ebukaobi/Documents/NemesisForge/gen2/crashes/cjson_parsestr/crash-126724fe041e6749131d731336b1e594c2c547b3,READ,fuzzer-found,0
cjson_parsestr,crash-13974881057561d4303769ef42ee8fc4e098c771,/Users/ebukaobi/Documents/NemesisForge/gen2/crashes/cjson_parsestr/crash-13974881057561d4303769ef42ee8fc4e098c771,READ,fuzzer-found,0
cjson_parsestr,crash-144cb5769456445f18cf0ace196092c5a1923d49,/Users/ebukaobi/Documents/NemesisForge/gen2/crashes/cjson_parsestr/crash-144cb5769456445f18cf0ace196092c5a1923d49,READ,fuzzer-found,0
cjson_parsestr,crash-15e916c02d7b3c1550060734a6236bb160ff2104,/Users/ebukaobi/Documents/NemesisForge/gen2/crashes/cjson_parsestr/crash-15e916c02d7b3c1550060734a6236bb160ff2104,READ,fuzzer-found,0
cjson_parsestr,crash-16d25b2d1d1e7e785a53ee518e3e50eb056d8c9a,/Users/ebukaobi/Documents/NemesisForge/gen2/crashes/cjson_parsestr/crash-16d25b2d1d1e7e785a53ee518e3e50eb056d8c9a,READ,fuzzer-found,0
cjson_parsestr,crash-184f1df13c16c9f0199a92d33dd44a9a7eca4bd2,/Users/ebukaobi/Documents/NemesisForge/gen2/crashes/cjson_parsestr/crash-184f1df13c16c9f0199a92d33dd44a9a7eca4bd2,READ,fuzzer-found,0
cjson_parsestr,crash-1a314051d7c33eb8c4142a47a88f944fd409f614,/Users/ebukaobi/Documents/NemesisForge/gen2/crashes/cjson_parsestr/crash-1a314051d7c33eb8c4142a47a88f944fd409f614,READ,fuzzer-found,0
cjson_parsestr,crash-1ac5e4ed0b1d462a6c62c1462dbda75decf4e55c,/Users/ebukaobi/Documents/NemesisForge/gen2/crashes/cjson_parsestr/crash-1ac5e4ed0b1d462a6c62c1462dbda75decf4e55c,READ,fuzzer-found,0
cjson_parsestr,crash-1bf7cd36dfccbfd7e1e08e1bca9a1e9a800ac83e,/Users/ebukaobi/Documents/NemesisForge/gen2/crashes/cjson_parsestr/crash-1bf7cd36dfccbfd7e1e08e1bca9a1e9a800ac83e,READ,fuzzer-found,0
cjson_parsestr,crash-1e6cb2947e14ae942ec65dab800d930d0af8989e,/Users/ebukaobi/Documents/NemesisForge/gen2/crashes/cjson_parsestr/crash-1e6cb2947e14ae942ec65dab800d930d0af8989e,READ,fuzzer-found,0
cjson_parsestr,crash-1f6b208934a066bc814fd855669d1d1dbad1bb41,/Users/ebukaobi/Documents/NemesisForge/gen2/crashes/cjson_parsestr/crash-1f6b208934a066bc814fd855669d1d1dbad1bb41,READ,fuzzer-found,0
cjson_parsestr,crash-20e3aad89490b8efc24156ccda47330f86ffa6b7,/Users/ebukaobi/Documents/NemesisForge/gen2/crashes/cjson_parsestr/crash-20e3aad89490b8efc24156ccda47330f86ffa6b7,READ,fuzzer-found,0
cjson_parsestr,crash-22abfbc38fbed7862d1422dc87319ff5241b0ff6,/Users/ebukaobi/Documents/NemesisForge/gen2/crashes/cjson_parsestr/crash-22abfbc38fbed7862d1422dc87319ff5241b0ff6,READ,fuzzer-found,0
cjson_parsestr,crash-23777affe1b7d5947124c62ec1926e5d87c0024d,/Users/ebukaobi/Documents/NemesisForge/gen2/crashes/cjson_parsestr/crash-23777affe1b7d5947124c62ec1926e5d87c0024d,READ,fuzzer-found,0
cjson_parsestr,crash-24ef2687906a01b18bb806107345f86bf20d3c6f,/Users/ebukaobi/Documents/NemesisForge/gen2/crashes/cjson_parsestr/crash-24ef2687906a01b18bb806107345f86bf20d3c6f,READ,fuzzer-found,0
cjson_parsestr,crash-2609005c20754a28f232d17f671043c2d778c46c,/Users/ebukaobi/Documents/NemesisForge/gen2/crashes/cjson_parsestr/crash-2609005c20754a28f232d17f671043c2d778c46c,READ,fuzzer-found,0
cjson_parsestr,crash-277fc322bc61d52075c0ee32c7d34a6a1a1b35bc,/Users/ebukaobi/Documents/NemesisForge/gen2/crashes/cjson_parsestr/crash-277fc322bc61d52075c0ee32c7d34a6a1a1b35bc,READ,fuzzer-found,0
cjson_parsestr,crash-2a976d18a4ac0b6b84e0c8d40afdea18aec6af68,/Users/ebukaobi/Documents/NemesisForge/gen2/crashes/cjson_parsestr/crash-2a976d18a4ac0b6b84e0c8d40afdea18aec6af68,READ,fuzzer-found,0
cjson_parsestr,crash-2c3e34cf9a051f936fdfd5d29b7bda4898588646,/Users/ebukaobi/Documents/NemesisForge/gen2/crashes/cjson_parsestr/crash-2c3e34cf9a051f936fdfd5d29b7bda4898588646,READ,fuzzer-found,0
cjson_parsestr,crash-2c5992ab526bc8ddec47f4a5b2d9191aee104dc2,/Users/ebukaobi/Documents/NemesisForge/gen2/crashes/cjson_parsestr/crash-2c5992ab526bc8ddec47f4a5b2d9191aee104dc2,READ,fuzzer-found,0
cjson_parsestr,crash-2ce34d5d7ed14e7333b3ffcf06a5093426ce350f,/Users/ebukaobi/Documents/NemesisForge/gen2/crashes/cjson_parsestr/crash-2ce34d5d7ed14e7333b3ffcf06a5093426ce350f,READ,fuzzer-found,0
cjson_parsestr,crash-2d312c921ca1761feb9586c780816d57f91420d8,/Users/ebukaobi/Documents/NemesisForge/gen2/crashes/cjson_parsestr/crash-2d312c921ca1761feb9586c780816d57f91420d8,READ,fuzzer-found,0
cjson_parsestr,crash-2f73bc2f04176c89346aa8d19827bffb21d95874,/Users/ebukaobi/Documents/NemesisForge/gen2/crashes/cjson_parsestr/crash-2f73bc2f04176c89346aa8d19827bffb21d95874,READ,fuzzer-found,0
cjson_parsestr,crash-324f731d5686c8bcb25f518c27c0cfb8a20ae212,/Users/ebukaobi/Documents/NemesisForge/gen2/crashes/cjson_parsestr/crash-324f731d5686c8bcb25f518c27c0cfb8a20ae212,READ,fuzzer-found,0
cjson_parsestr,crash-333331425e486a1fb6c3964fb9b410f428afb19d,/Users/ebukaobi/Documents/NemesisForge/gen2/crashes/cjson_parsestr/crash-333331425e486a1fb6c3964fb9b410f428afb19d,READ,fuzzer-found,0
cjson_parsestr,crash-37c48074e7332ab5d2549cad74a0ca0912473030,/Users/ebukaobi/Documents/NemesisForge/gen2/crashes/cjson_parsestr/crash-37c48074e7332ab5d2549cad74a0ca0912473030,READ,fuzzer-found,0
cjson_parsestr,crash-3833516a361d85845a6b89d0f2ff5fba1d4a598b,/Users/ebukaobi/Documents/NemesisForge/gen2/crashes/cjson_parsestr/crash-3833516a361d85845a6b89d0f2ff5fba1d4a598b,READ,fuzzer-found,0
cjson_parsestr,crash-3aa9382e3cccae20748e9dc8236bb6c3e3e980b2,/Users/ebukaobi/Documents/NemesisForge/gen2/crashes/cjson_parsestr/crash-3aa9382e3cccae20748e9dc8236bb6c3e3e980b2,READ,fuzzer-found,0
cjson_parsestr,crash-3c135bf3cf69ef90175530a6952b25f2536ff60d,/Users/ebukaobi/Documents/NemesisForge/gen2/crashes/cjson_parsestr/crash-3c135bf3cf69ef90175530a6952b25f2536ff60d,READ,fuzzer-found,0
cjson_parsestr,crash-3d792717aac8f7b11ce66a50cfb03d780d7b20e8,/Users/ebukaobi/Documents/NemesisForge/gen2/crashes/cjson_parsestr/crash-3d792717aac8f7b11ce66a50cfb03d780d7b20e8,READ,fuzzer-found,0
cjson_parsestr,crash-3de5d0b2fae8049b0c2b23d54742d4b83ba37e14,/Users/ebukaobi/Documents/NemesisForge/gen2/crashes/cjson_parsestr/crash-3de5d0b2fae8049b0c2b23d54742d4b83ba37e14,READ,fuzzer-found,0
cjson_parsestr,crash-4088f39b3e58048acfdbeb1197aad70dc9bb8078,/Users/ebukaobi/Documents/NemesisForge/gen2/crashes/cjson_parsestr/crash-4088f39b3e58048acfdbeb1197aad70dc9bb8078,READ,fuzzer-found,0
cjson_parsestr,crash-426454f76bbcb576c259f2018aaf3831a1a1b4a6,/Users/ebukaobi/Documents/NemesisForge/gen2/crashes/cjson_parsestr/crash-426454f76bbcb576c259f2018aaf3831a1a1b4a6,READ,fuzzer-found,0
cjson_parsestr,crash-44c086afd65c703591200b061320a3235cb80c52,/Users/ebukaobi/Documents/NemesisForge/gen2/crashes/cjson_parsestr/crash-44c086afd65c703591200b061320a3235cb80c52,READ,fuzzer-found,0
cjson_parsestr,crash-45efeff10f3d9ade0e219e3d4de5f95f033b35c1,/Users/ebukaobi/Documents/NemesisForge/gen2/crashes/cjson_parsestr/crash-45efeff10f3d9ade0e219e3d4de5f95f033b35c1,READ,fuzzer-found,0
cjson_parsestr,crash-4602a5bc7325d479bc53f4d6eaa9b1a1cf363c8d,/Users/ebukaobi/Documents/NemesisForge/gen2/crashes/cjson_parsestr/crash-4602a5bc7325d479bc53f4d6eaa9b1a1cf363c8d,READ,fuzzer-found,0
cjson_parsestr,crash-4b1112e4b5cee180599a9be07fd0fa9893477a0d,/Users/ebukaobi/Documents/NemesisForge/gen2/crashes/cjson_parsestr/crash-4b1112e4b5cee180599a9be07fd0fa9893477a0d,READ,fuzzer-found,0
cjson_parsestr,crash-4bc43971bd6edc594ffed0302830b5af8c784b1b,/Users/ebukaobi/Documents/NemesisForge/gen2/crashes/cjson_parsestr/crash-4bc43971bd6edc594ffed0302830b5af8c784b1b,READ,fuzzer-found,0
cjson_parsestr,crash-4cfb9c1f3c215a979be8710dc707c2739d6ab4c2,/Users/ebukaobi/Documents/NemesisForge/gen2/crashes/cjson_parsestr/crash-4cfb9c1f3c215a979be8710dc707c2739d6ab4c2,READ,fuzzer-found,0
cjson_parsestr,crash-4fadcb9629a6914b0a9cde13eaf64e223692def7,/Users/ebukaobi/Documents/NemesisForge/gen2/crashes/cjson_parsestr/crash-4fadcb9629a6914b0a9cde13eaf64e223692def7,READ,fuzzer-found,0
cjson_parsestr,crash-522435109fa94f98fdbf2c147b7ad54c08edd51b,/Users/ebukaobi/Documents/NemesisForge/gen2/crashes/cjson_parsestr/crash-522435109fa94f98fdbf2c147b7ad54c08edd51b,READ,fuzzer-found,0
cjson_parsestr,crash-547d8e2c9be1717d7c7cb3a5edfecb432edd969a,/Users/ebukaobi/Documents/NemesisForge/gen2/crashes/cjson_parsestr/crash-547d8e2c9be1717d7c7cb3a5edfecb432edd969a,READ,fuzzer-found,0
cjson_parsestr,crash-55f353f00178cb6b37e223e513401646235c0f8b,/Users/ebukaobi/Documents/NemesisForge/gen2/crashes/cjson_parsestr/crash-55f353f00178cb6b37e223e513401646235c0f8b,READ,fuzzer-found,0
cjson_parsestr,crash-56e6b16277b465530859e3abbb090c7297466e52,/Users/ebukaobi/Documents/NemesisForge/gen2/crashes/cjson_parsestr/crash-56e6b16277b465530859e3abbb090c7297466e52,READ,fuzzer-found,0
cjson_parsestr,crash-5929d5f50e409eb1e571fe3001cf317effe15702,/Users/ebukaobi/Documents/NemesisForge/gen2/crashes/cjson_parsestr/crash-5929d5f50e409eb1e571fe3001cf317effe15702,READ,fuzzer-found,0
cjson_parsestr,crash-5af3e6912b379987c80da89a04bd4e8a9546d5f6,/Users/ebukaobi/Documents/NemesisForge/gen2/crashes/cjson_parsestr/crash-5af3e6912b379987c80da89a04bd4e8a9546d5f6,READ,fuzzer-found,0
cjson_parsestr,crash-5deac6692006a538a81e94c025a0cab93edef143,/Users/ebukaobi/Documents/NemesisForge/gen2/crashes/cjson_parsestr/crash-5deac6692006a538a81e94c025a0cab93edef143,READ,fuzzer-found,0
cjson_parsestr,crash-60acd98e483a876791214ced63aa99c0250cffbc,/Users/ebukaobi/Documents/NemesisForge/gen2/crashes/cjson_parsestr/crash-60acd98e483a876791214ced63aa99c0250cffbc,READ,fuzzer-found,0
cjson_parsestr,crash-636e9d736241e2d7b0860a33ca6f3e080157729e,/Users/ebukaobi/Documents/NemesisForge/gen2/crashes/cjson_parsestr/crash-636e9d736241e2d7b0860a33ca6f3e080157729e,READ,fuzzer-found,0
cjson_parsestr,crash-65072772f42fba1d4da744a99b9eee0882ab52d9,/Users/ebukaobi/Documents/NemesisForge/gen2/crashes/cjson_parsestr/crash-65072772f42fba1d4da744a99b9eee0882ab52d9,READ,fuzzer-found,0
cjson_parsestr,crash-65e128761968c26f5e405caee747aa520368e808,/Users/ebukaobi/Documents/NemesisForge/gen2/crashes/cjson_parsestr/crash-65e128761968c26f5e405caee747aa520368e808,READ,fuzzer-found,0
cjson_parsestr,crash-680a6c1a70106f5528f1afe6971423effc80bed0,/Users/ebukaobi/Documents/NemesisForge/gen2/crashes/cjson_parsestr/crash-680a6c1a70106f5528f1afe6971423effc80bed0,READ,fuzzer-found,0
cjson_parsestr,crash-68f2192c9914bc549f75bb282ffe1c6eabbfb2ee,/Users/ebukaobi/Documents/NemesisForge/gen2/crashes/cjson_parsestr/crash-68f2192c9914bc549f75bb282ffe1c6eabbfb2ee,READ,fuzzer-found,0
cjson_parsestr,crash-69836b27b8513b77efeeda2c133bda58be1e12dd,/Users/ebukaobi/Documents/NemesisForge/gen2/crashes/cjson_parsestr/crash-69836b27b8513b77efeeda2c133bda58be1e12dd,READ,fuzzer-found,0
cjson_parsestr,crash-6bd040a67265f82686f39abb865be3a10da81c90,/Users/ebukaobi/Documents/NemesisForge/gen2/crashes/cjson_parsestr/crash-6bd040a67265f82686f39abb865be3a10da81c90,READ,fuzzer-found,0
cjson_parsestr,crash-6d66710e0c79fe81f591d214d8cd4dc9c43e6e5e,/Users/ebukaobi/Documents/NemesisForge/gen2/crashes/cjson_parsestr/crash-6d66710e0c79fe81f591d214d8cd4dc9c43e6e5e,READ,fuzzer-found,0
cjson_parsestr,crash-70631decdc1acaad28992bc114efc67eac553f5c,/Users/ebukaobi/Documents/NemesisForge/gen2/crashes/cjson_parsestr/crash-70631decdc1acaad28992bc114efc67eac553f5c,READ,fuzzer-found,0
cjson_parsestr,crash-7420cecf22050045b0ba39457b10a63945c325c3,/Users/ebukaobi/Documents/NemesisForge/gen2/crashes/cjson_parsestr/crash-7420cecf22050045b0ba39457b10a63945c325c3,READ,fuzzer-found,0
cjson_parsestr,crash-7543625d2f108cfc76310fee76857671647f9633,/Users/ebukaobi/Documents/NemesisForge/gen2/crashes/cjson_parsestr/crash-7543625d2f108cfc76310fee76857671647f9633,READ,fuzzer-found,0
cjson_parsestr,crash-7650d6f333e3cb41eb1a4dc129854dfc97d5dc70,/Users/ebukaobi/Documents/NemesisForge/gen2/crashes/cjson_parsestr/crash-7650d6f333e3cb41eb1a4dc129854dfc97d5dc70,READ,fuzzer-found,0
cjson_parsestr,crash-7755ef8175be0bfeeaf1cc77593a1b2b1d403280,/Users/ebukaobi/Documents/NemesisForge/gen2/crashes/cjson_parsestr/crash-7755ef8175be0bfeeaf1cc77593a1b2b1d403280,READ,fuzzer-found,0
cjson_parsestr,crash-78c39c17da7d4f005caa9c0cc81a4d2f9e7bae78,/Users/ebukaobi/Documents/NemesisForge/gen2/crashes/cjson_parsestr/crash-78c39c17da7d4f005caa9c0cc81a4d2f9e7bae78,READ,fuzzer-found,0
cjson_parsestr,crash-7c0253cc39657d7c8f8c8cfb68c0c1258f79ff7a,/Users/ebukaobi/Documents/NemesisForge/gen2/crashes/cjson_parsestr/crash-7c0253cc39657d7c8f8c8cfb68c0c1258f79ff7a,READ,fuzzer-found,0
cjson_parsestr,crash-7e279ee9847b72ed3186608f38734cb971e0c71d,/Users/ebukaobi/Documents/NemesisForge/gen2/crashes/cjson_parsestr/crash-7e279ee9847b72ed3186608f38734cb971e0c71d,READ,fuzzer-found,0
cjson_parsestr,crash-7fd01afde69dd7a223c244261906516df47bf989,/Users/ebukaobi/Documents/NemesisForge/gen2/crashes/cjson_parsestr/crash-7fd01afde69dd7a223c244261906516df47bf989,READ,fuzzer-found,0
cjson_parsestr,crash-814eb2f765fdbb2b42dde0cb651813888e366326,/Users/ebukaobi/Documents/NemesisForge/gen2/crashes/cjson_parsestr/crash-814eb2f765fdbb2b42dde0cb651813888e366326,READ,fuzzer-found,0
cjson_parsestr,crash-82ec1577dadbe6c6f063b5b7120eaaea9fbcfcfb,/Users/ebukaobi/Documents/NemesisForge/gen2/crashes/cjson_parsestr/crash-82ec1577dadbe6c6f063b5b7120eaaea9fbcfcfb,READ,fuzzer-found,0
cjson_parsestr,crash-847208c61c803a899ade58aaa8a7bdc332418f44,/Users/ebukaobi/Documents/NemesisForge/gen2/crashes/cjson_parsestr/crash-847208c61c803a899ade58aaa8a7bdc332418f44,READ,fuzzer-found,0
cjson_parsestr,crash-856477c750f110a5e663fffd1bbce296e24849a1,/Users/ebukaobi/Documents/NemesisForge/gen2/crashes/cjson_parsestr/crash-856477c750f110a5e663fffd1bbce296e24849a1,READ,fuzzer-found,0
cjson_parsestr,crash-88cd04caa32f8a6e8748c1679bf713c7c04150b6,/Users/ebukaobi/Documents/NemesisForge/gen2/crashes/cjson_parsestr/crash-88cd04caa32f8a6e8748c1679bf713c7c04150b6,READ,fuzzer-found,0
cjson_parsestr,crash-8a7237a31b1703b938e02bdec85b0b3ad28449d3,/Users/ebukaobi/Documents/NemesisForge/gen2/crashes/cjson_parsestr/crash-8a7237a31b1703b938e02bdec85b0b3ad28449d3,READ,fuzzer-found,0
cjson_parsestr,crash-8cc8d927bcd653a10894c8a3580f14f5ec291fe1,/Users/ebukaobi/Documents/NemesisForge/gen2/crashes/cjson_parsestr/crash-8cc8d927bcd653a10894c8a3580f14f5ec291fe1,READ,fuzzer-found,0
cjson_parsestr,crash-8d5e3e6c595e9739bfbe244ad105729d7745ddf2,/Users/ebukaobi/Documents/NemesisForge/gen2/crashes/cjson_parsestr/crash-8d5e3e6c595e9739bfbe244ad105729d7745ddf2,READ,fuzzer-found,0
cjson_parsestr,crash-8de169ce85ed2defed0abb446bbda6b0e28b9810,/Users/ebukaobi/Documents/NemesisForge/gen2/crashes/cjson_parsestr/crash-8de169ce85ed2defed0abb446bbda6b0e28b9810,READ,fuzzer-found,0
cjson_parsestr,crash-92834c51193662b41c5250650a390440bffcfda3,/Users/ebukaobi/Documents/NemesisForge/gen2/crashes/cjson_parsestr/crash-92834c51193662b41c5250650a390440bffcfda3,READ,fuzzer-found,0
cjson_parsestr,crash-943c091184cc1211f24ea6e659803821c833948e,/Users/ebukaobi/Documents/NemesisForge/gen2/crashes/cjson_parsestr/crash-943c091184cc1211f24ea6e659803821c833948e,READ,fuzzer-found,0
cjson_parsestr,crash-98113a57084b907315bfe8bb6c9524efc6e5d624,/Users/ebukaobi/Documents/NemesisForge/gen2/crashes/cjson_parsestr/crash-98113a57084b907315bfe8bb6c9524efc6e5d624,READ,fuzzer-found,0
cjson_parsestr,crash-98fdf40dc4c8bbbd721c25191fe357922652e4ee,/Users/ebukaobi/Documents/NemesisForge/gen2/crashes/cjson_parsestr/crash-98fdf40dc4c8bbbd721c25191fe357922652e4ee,READ,fuzzer-found,0
cjson_parsestr,crash-9c3739ed22aceef415d98d394d3f0d3af8d4f84b,/Users/ebukaobi/Documents/NemesisForge/gen2/crashes/cjson_parsestr/crash-9c3739ed22aceef415d98d394d3f0d3af8d4f84b,READ,fuzzer-found,0
cjson_parsestr,crash-9d982ed98f5925577aea8e65fbe22cb7bdd24679,/Users/ebukaobi/Documents/NemesisForge/gen2/crashes/cjson_parsestr/crash-9d982ed98f5925577aea8e65fbe22cb7bdd24679,READ,fuzzer-found,0
cjson_parsestr,crash-9f8b4b43cd9bdedacc7ac039e48096b014fa2d89,/Users/ebukaobi/Documents/NemesisForge/gen2/crashes/cjson_parsestr/crash-9f8b4b43cd9bdedacc7ac039e48096b014fa2d89,READ,fuzzer-found,0
cjson_parsestr,crash-a03f3cf79ed1f871ddf0359dfe4c0eb8a10ab43d,/Users/ebukaobi/Documents/NemesisForge/gen2/crashes/cjson_parsestr/crash-a03f3cf79ed1f871ddf0359dfe4c0eb8a10ab43d,READ,fuzzer-found,0
cjson_parsestr,crash-a2fe716461a67fd11a3f5ce686f9e50ec6a9746a,/Users/ebukaobi/Documents/NemesisForge/gen2/crashes/cjson_parsestr/crash-a2fe716461a67fd11a3f5ce686f9e50ec6a9746a,READ,fuzzer-found,0
cjson_parsestr,crash-a43bbc01018e6ac2c441d2caf3d40dbd43ceb8af,/Users/ebukaobi/Documents/NemesisForge/gen2/crashes/cjson_parsestr/crash-a43bbc01018e6ac2c441d2caf3d40dbd43ceb8af,READ,fuzzer-found,0
cjson_parsestr,crash-a56ca1dc97e4302e9ca00baf25b6603cd908bf14,/Users/ebukaobi/Documents/NemesisForge/gen2/crashes/cjson_parsestr/crash-a56ca1dc97e4302e9ca00baf25b6603cd908bf14,READ,fuzzer-found,0
cjson_parsestr,crash-a95b8b1dfe302f2579f2cf9528bc3815e474365d,/Users/ebukaobi/Documents/NemesisForge/gen2/crashes/cjson_parsestr/crash-a95b8b1dfe302f2579f2cf9528bc3815e474365d,READ,fuzzer-found,0
cjson_parsestr,crash-aa43cc26512e860895f9ab85d52752262156ed83,/Users/ebukaobi/Documents/NemesisForge/gen2/crashes/cjson_parsestr/crash-aa43cc26512e860895f9ab85d52752262156ed83,READ,fuzzer-found,0
cjson_parsestr,crash-adcac5ce8edc1b6c41dc05bdbaffa558099d1209,/Users/ebukaobi/Documents/NemesisForge/gen2/crashes/cjson_parsestr/crash-adcac5ce8edc1b6c41dc05bdbaffa558099d1209,READ,fuzzer-found,0
cjson_parsestr,crash-b41459149f3b35d43dfd214dac7913f3569f6b17,/Users/ebukaobi/Documents/NemesisForge/gen2/crashes/cjson_parsestr/crash-b41459149f3b35d43dfd214dac7913f3569f6b17,READ,fuzzer-found,0
cjson_parsestr,crash-b57b3425cbc4990cf326bf996ba6ef54520ef84c,/Users/ebukaobi/Documents/NemesisForge/gen2/crashes/cjson_parsestr/crash-b57b3425cbc4990cf326bf996ba6ef54520ef84c,READ,fuzzer-found,0
cjson_parsestr,crash-b5e01fb9cd13d298afebed75e646f13124265287,/Users/ebukaobi/Documents/NemesisForge/gen2/crashes/cjson_parsestr/crash-b5e01fb9cd13d298afebed75e646f13124265287,READ,fuzzer-found,0
cjson_parsestr,crash-b8dd80e62a480853fbe54108cc5f953a17354d25,/Users/ebukaobi/Documents/NemesisForge/gen2/crashes/cjson_parsestr/crash-b8dd80e62a480853fbe54108cc5f953a17354d25,READ,fuzzer-found,0
cjson_parsestr,crash-b917478160a63191bbaf307cfe5257e1f9053864,/Users/ebukaobi/Documents/NemesisForge/gen2/crashes/cjson_parsestr/crash-b917478160a63191bbaf307cfe5257e1f9053864,READ,fuzzer-found,0
cjson_parsestr,crash-bb96ce845b3f54d7859a257e25ab53ffb9ffc37a,/Users/ebukaobi/Documents/NemesisForge/gen2/crashes/cjson_parsestr/crash-bb96ce845b3f54d7859a257e25ab53ffb9ffc37a,READ,fuzzer-found,0
cjson_parsestr,crash-bbdfa0e95effc235ffa2809f5b9fdfb0bc518e58,/Users/ebukaobi/Documents/NemesisForge/gen2/crashes/cjson_parsestr/crash-bbdfa0e95effc235ffa2809f5b9fdfb0bc518e58,READ,fuzzer-found,0
cjson_parsestr,crash-bcb944efbc246f723c54fe1c14324d5823f61c8e,/Users/ebukaobi/Documents/NemesisForge/gen2/crashes/cjson_parsestr/crash-bcb944efbc246f723c54fe1c14324d5823f61c8e,READ,fuzzer-found,0
cjson_parsestr,crash-bfa5604c10e336a084bd3224ee83f71b1acb5fed,/Users/ebukaobi/Documents/NemesisForge/gen2/crashes/cjson_parsestr/crash-bfa5604c10e336a084bd3224ee83f71b1acb5fed,READ,fuzzer-found,0
cjson_parsestr,crash-c18e94e0cbb6ed5b4ec75b539b565cd1a13912bf,/Users/ebukaobi/Documents/NemesisForge/gen2/crashes/cjson_parsestr/crash-c18e94e0cbb6ed5b4ec75b539b565cd1a13912bf,READ,fuzzer-found,0
cjson_parsestr,crash-c26ac2e83bc11b0eb7923250c5c431f7d1ef79dd,/Users/ebukaobi/Documents/NemesisForge/gen2/crashes/cjson_parsestr/crash-c26ac2e83bc11b0eb7923250c5c431f7d1ef79dd,READ,fuzzer-found,0
cjson_parsestr,crash-c528e6f2ba41a8de5e2514c12f11b33c4eaca307,/Users/ebukaobi/Documents/NemesisForge/gen2/crashes/cjson_parsestr/crash-c528e6f2ba41a8de5e2514c12f11b33c4eaca307,READ,fuzzer-found,0
cjson_parsestr,crash-c68f6b59469430599b768727c8b08a37841c5315,/Users/ebukaobi/Documents/NemesisForge/gen2/crashes/cjson_parsestr/crash-c68f6b59469430599b768727c8b08a37841c5315,READ,fuzzer-found,0
cjson_parsestr,crash-c7d20babb1a3c1f8f75aabd270a1bac3eaa9c2f2,/Users/ebukaobi/Documents/NemesisForge/gen2/crashes/cjson_parsestr/crash-c7d20babb1a3c1f8f75aabd270a1bac3eaa9c2f2,READ,fuzzer-found,0
cjson_parsestr,crash-cabd34e97c4f7708a1554748d5f080c6b9f20100,/Users/ebukaobi/Documents/NemesisForge/gen2/crashes/cjson_parsestr/crash-cabd34e97c4f7708a1554748d5f080c6b9f20100,READ,fuzzer-found,0
cjson_parsestr,crash-cb6889e150f114c3e06b878c57e20705c0099cce,/Users/ebukaobi/Documents/NemesisForge/gen2/crashes/cjson_parsestr/crash-cb6889e150f114c3e06b878c57e20705c0099cce,READ,fuzzer-found,0
cjson_parsestr,crash-cc2fec796645c8b8c563c8ed5cc69a84810bcb59,/Users/ebukaobi/Documents/NemesisForge/gen2/crashes/cjson_parsestr/crash-cc2fec796645c8b8c563c8ed5cc69a84810bcb59,READ,fuzzer-found,0
cjson_parsestr,crash-cef4db34c4f4c74d6ea2984d81d033d63dd8eeb1,/Users/ebukaobi/Documents/NemesisForge/gen2/crashes/cjson_parsestr/crash-cef4db34c4f4c74d6ea2984d81d033d63dd8eeb1,READ,fuzzer-found,0
cjson_parsestr,crash-d04caf69d9ff2df4a021da3b5a5a0155ec47f3fa,/Users/ebukaobi/Documents/NemesisForge/gen2/crashes/cjson_parsestr/crash-d04caf69d9ff2df4a021da3b5a5a0155ec47f3fa,READ,fuzzer-found,0
cjson_parsestr,crash-d14867cc7ed431ab9030cbe36aa22d464cd55877,/Users/ebukaobi/Documents/NemesisForge/gen2/crashes/cjson_parsestr/crash-d14867cc7ed431ab9030cbe36aa22d464cd55877,READ,fuzzer-found,0
cjson_parsestr,crash-d3e17211580026e5513d5cc7856aa1ab1fcae13b,/Users/ebukaobi/Documents/NemesisForge/gen2/crashes/cjson_parsestr/crash-d3e17211580026e5513d5cc7856aa1ab1fcae13b,READ,fuzzer-found,0
cjson_parsestr,crash-d4ce8cb98ddc1eea1527e875b6892059bf465ce0,/Users/ebukaobi/Documents/NemesisForge/gen2/crashes/cjson_parsestr/crash-d4ce8cb98ddc1eea1527e875b6892059bf465ce0,READ,fuzzer-found,0
cjson_parsestr,crash-d58ffbe0fac06f26d25f99a046d61ea8f9eb1b61,/Users/ebukaobi/Documents/NemesisForge/gen2/crashes/cjson_parsestr/crash-d58ffbe0fac06f26d25f99a046d61ea8f9eb1b61,READ,fuzzer-found,0
cjson_parsestr,crash-d5af0848bdd1bb1104d452d4b68c34569a6bdc33,/Users/ebukaobi/Documents/NemesisForge/gen2/crashes/cjson_parsestr/crash-d5af0848bdd1bb1104d452d4b68c34569a6bdc33,READ,fuzzer-found,0
cjson_parsestr,crash-d6c62c1152a23c1095d96169b2011ede221b63b1,/Users/ebukaobi/Documents/NemesisForge/gen2/crashes/cjson_parsestr/crash-d6c62c1152a23c1095d96169b2011ede221b63b1,READ,fuzzer-found,0
cjson_parsestr,crash-db28e79fa10b1cf4cb5705ba607dc7db0122f122,/Users/ebukaobi/Documents/NemesisForge/gen2/crashes/cjson_parsestr/crash-db28e79fa10b1cf4cb5705ba607dc7db0122f122,READ,fuzzer-found,0
cjson_parsestr,crash-dc2fc0049bdc76d2f5566f317f9cdfb664311ee8,/Users/ebukaobi/Documents/NemesisForge/gen2/crashes/cjson_parsestr/crash-dc2fc0049bdc76d2f5566f317f9cdfb664311ee8,READ,fuzzer-found,0
cjson_parsestr,crash-dcd7f68c8f9de83524df98c0e0723ba57d5af0fc,/Users/ebukaobi/Documents/NemesisForge/gen2/crashes/cjson_parsestr/crash-dcd7f68c8f9de83524df98c0e0723ba57d5af0fc,READ,fuzzer-found,0
cjson_parsestr,crash-de940cbb0ca85dd2e9c58484588012baec10df43,/Users/ebukaobi/Documents/NemesisForge/gen2/crashes/cjson_parsestr/crash-de940cbb0ca85dd2e9c58484588012baec10df43,READ,fuzzer-found,0
cjson_parsestr,crash-df7db2524878ba4697609a30994c9b149c52a31c,/Users/ebukaobi/Documents/NemesisForge/gen2/crashes/cjson_parsestr/crash-df7db2524878ba4697609a30994c9b149c52a31c,READ,fuzzer-found,0
cjson_parsestr,crash-e13a407f28d831b13fd90de7f1b5aad5681df7c1,/Users/ebukaobi/Documents/NemesisForge/gen2/crashes/cjson_parsestr/crash-e13a407f28d831b13fd90de7f1b5aad5681df7c1,READ,fuzzer-found,0
cjson_parsestr,crash-e324d07d53653249bef9f3114bb2db2bda4cc2b9,/Users/ebukaobi/Documents/NemesisForge/gen2/crashes/cjson_parsestr/crash-e324d07d53653249bef9f3114bb2db2bda4cc2b9,READ,fuzzer-found,0
cjson_parsestr,crash-e45d15ca97f94fdf9c05050ce2c14f7477e0fc49,/Users/ebukaobi/Documents/NemesisForge/gen2/crashes/cjson_parsestr/crash-e45d15ca97f94fdf9c05050ce2c14f7477e0fc49,READ,fuzzer-found,0
cjson_parsestr,crash-e549f0764138565c9785b73a1b66757059a53463,/Users/ebukaobi/Documents/NemesisForge/gen2/crashes/cjson_parsestr/crash-e549f0764138565c9785b73a1b66757059a53463,READ,fuzzer-found,0
cjson_parsestr,crash-e72459617d76e659c7d3c39d2ff3ce9c68d74b3b,/Users/ebukaobi/Documents/NemesisForge/gen2/crashes/cjson_parsestr/crash-e72459617d76e659c7d3c39d2ff3ce9c68d74b3b,READ,fuzzer-found,0
cjson_parsestr,crash-e86ca5d134fb262b0a9015ec43c2ce861736402c,/Users/ebukaobi/Documents/NemesisForge/gen2/crashes/cjson_parsestr/crash-e86ca5d134fb262b0a9015ec43c2ce861736402c,READ,fuzzer-found,0
cjson_parsestr,crash-e90bd2e221719871329f7a2db6650578f94c599c,/Users/ebukaobi/Documents/NemesisForge/gen2/crashes/cjson_parsestr/crash-e90bd2e221719871329f7a2db6650578f94c599c,READ,fuzzer-found,0
cjson_parsestr,crash-ea6f2cf4ea4075bd89af0e5119b5091cf47c68bb,/Users/ebukaobi/Documents/NemesisForge/gen2/crashes/cjson_parsestr/crash-ea6f2cf4ea4075bd89af0e5119b5091cf47c68bb,READ,fuzzer-found,0
cjson_parsestr,crash-eb1964eec93ccae883a1b55d88b14c74e7795355,/Users/ebukaobi/Documents/NemesisForge/gen2/crashes/cjson_parsestr/crash-eb1964eec93ccae883a1b55d88b14c74e7795355,READ,fuzzer-found,0
cjson_parsestr,crash-ec86f53fcbcee1fca0147c0f9f8785eba0f75f6a,/Users/ebukaobi/Documents/NemesisForge/gen2/crashes/cjson_parsestr/crash-ec86f53fcbcee1fca0147c0f9f8785eba0f75f6a,READ,fuzzer-found,0
cjson_parsestr,crash-ed430fcb77419a733ae956e4ac71a94a0ddd8e49,/Users/ebukaobi/Documents/NemesisForge/gen2/crashes/cjson_parsestr/crash-ed430fcb77419a733ae956e4ac71a94a0ddd8e49,READ,fuzzer-found,0
cjson_parsestr,crash-ed959d06eca703350561633f0a86bbf75733caaf,/Users/ebukaobi/Documents/NemesisForge/gen2/crashes/cjson_parsestr/crash-ed959d06eca703350561633f0a86bbf75733caaf,READ,fuzzer-found,0
cjson_parsestr,crash-ef061477f219b7be30fdfe8f684f4b235714e175,/Users/ebukaobi/Documents/NemesisForge/gen2/crashes/cjson_parsestr/crash-ef061477f219b7be30fdfe8f684f4b235714e175,READ,fuzzer-found,0
cjson_parsestr,crash-f06856a46368b300b4e3bcc9f5a333ef501cb89f,/Users/ebukaobi/Documents/NemesisForge/gen2/crashes/cjson_parsestr/crash-f06856a46368b300b4e3bcc9f5a333ef501cb89f,READ,fuzzer-found,0
cjson_parsestr,crash-f0945f87843d2a6f7bac406e877fbbab9fe584fc,/Users/ebukaobi/Documents/NemesisForge/gen2/crashes/cjson_parsestr/crash-f0945f87843d2a6f7bac406e877fbbab9fe584fc,READ,fuzzer-found,0
cjson_parsestr,crash-f4118f1ae22247b68c36be37f7a47e750e71580b,/Users/ebukaobi/Documents/NemesisForge/gen2/crashes/cjson_parsestr/crash-f4118f1ae22247b68c36be37f7a47e750e71580b,READ,fuzzer-found,0
cjson_parsestr,crash-f4b9e3a7ef5d205af59ff40a05bc4f6c13302757,/Users/ebukaobi/Documents/NemesisForge/gen2/crashes/cjson_parsestr/crash-f4b9e3a7ef5d205af59ff40a05bc4f6c13302757,READ,fuzzer-found,0
cjson_parsestr,crash-f621345926aeb03d3a75d82fc2fb9635653baf3b,/Users/ebukaobi/Documents/NemesisForge/gen2/crashes/cjson_parsestr/crash-f621345926aeb03d3a75d82fc2fb9635653baf3b,READ,fuzzer-found,0
cjson_parsestr,crash-f6a67fd973c643891be25f3737373d71e73ea5cd,/Users/ebukaobi/Documents/NemesisForge/gen2/crashes/cjson_parsestr/crash-f6a67fd973c643891be25f3737373d71e73ea5cd,READ,fuzzer-found,0
cjson_parsestr,crash-f75ea5fe1ca7314bf645a81c6c84fbf7b9ff8d3e,/Users/ebukaobi/Documents/NemesisForge/gen2/crashes/cjson_parsestr/crash-f75ea5fe1ca7314bf645a81c6c84fbf7b9ff8d3e,READ,fuzzer-found,0
cjson_parsestr,crash-f7c36549cc8d5715038124ee23c5c31b0b86d825,/Users/ebukaobi/Documents/NemesisForge/gen2/crashes/cjson_parsestr/crash-f7c36549cc8d5715038124ee23c5c31b0b86d825,READ,fuzzer-found,0
cjson_parsestr,crash-fe268d60289266aa78412fb1e76b4af1b26ab501,/Users/ebukaobi/Documents/NemesisForge/gen2/crashes/cjson_parsestr/crash-fe268d60289266aa78412fb1e76b4af1b26ab501,READ,fuzzer-found,0
cjson_parsestr,crash-fec32087460b775a2929ce5f65a6fcc008f96a61,/Users/ebukaobi/Documents/NemesisForge/gen2/crashes/cjson_parsestr/crash-fec32087460b775a2929ce5f65a6fcc008f96a61,READ,fuzzer-found,0
nanosvg_write,write-0000,gen/write/write-0000,WRITE,constructed,0
nanosvg_write,write-0001,gen/write/write-0001,WRITE,constructed,0
nanosvg_write,write-0002,gen/write/write-0002,WRITE,constructed,0
nanosvg_write,write-0003,gen/write/write-0003,WRITE,constructed,0
nanosvg_write,write-0004,gen/write/write-0004,WRITE,constructed,0
nanosvg_write,write-0005,gen/write/write-0005,WRITE,constructed,0
nanosvg_write,write-0006,gen/write/write-0006,WRITE,constructed,0
nanosvg_write,write-0007,gen/write/write-0007,WRITE,constructed,0
nanosvg_write,write-0008,gen/write/write-0008,WRITE,constructed,0
nanosvg_write,write-0009,gen/write/write-0009,WRITE,constructed,0
nanosvg_write,write-0010,gen/write/write-0010,WRITE,constructed,0
nanosvg_write,write-0011,gen/write/write-0011,WRITE,constructed,0
nanosvg_write,write-0012,gen/write/write-0012,WRITE,constructed,0
nanosvg_write,write-0013,gen/write/write-0013,WRITE,constructed,0
nanosvg_write,write-0014,gen/write/write-0014,WRITE,constructed,0
nanosvg_write,write-0015,gen/write/write-0015,WRITE,constructed,0
nanosvg_write,write-0016,gen/write/write-0016,WRITE,constructed,0
nanosvg_write,write-0017,gen/write/write-0017,WRITE,constructed,0
nanosvg_write,write-0018,gen/write/write-0018,WRITE,constructed,0
nanosvg_write,write-0019,gen/write/write-0019,WRITE,constructed,0
nanosvg_write,write-0020,gen/write/write-0020,WRITE,constructed,0
nanosvg_write,write-0021,gen/write/write-0021,WRITE,constructed,0
nanosvg_write,write-0022,gen/write/write-0022,WRITE,constructed,0
nanosvg_write,write-0023,gen/write/write-0023,WRITE,constructed,0
nanosvg_write,write-0024,gen/write/write-0024,WRITE,constructed,0
nanosvg_write,write-0025,gen/write/write-0025,WRITE,constructed,0
nanosvg_write,write-0026,gen/write/write-0026,WRITE,constructed,0
nanosvg_write,write-0027,gen/write/write-0027,WRITE,constructed,0
nanosvg_write,write-0028,gen/write/write-0028,WRITE,constructed,0
nanosvg_write,write-0029,gen/write/write-0029,WRITE,constructed,0
nanosvg_write,write-0030,gen/write/write-0030,WRITE,constructed,0
nanosvg_write,write-0031,gen/write/write-0031,WRITE,constructed,0
nanosvg_write,write-0032,gen/write/write-0032,WRITE,constructed,0
nanosvg_write,write-0033,gen/write/write-0033,WRITE,constructed,0
nanosvg_write,write-0034,gen/write/write-0034,WRITE,constructed,0
nanosvg_write,write-0035,gen/write/write-0035,WRITE,constructed,0
nanosvg_write,write-0036,gen/write/write-0036,WRITE,constructed,0
nanosvg_write,write-0037,gen/write/write-0037,WRITE,constructed,0
nanosvg_write,write-0038,gen/write/write-0038,WRITE,constructed,0
nanosvg_write,write-0039,gen/write/write-0039,WRITE,constructed,0
nanosvg_write,write-0040,gen/write/write-0040,WRITE,constructed,0
nanosvg_write,write-0041,gen/write/write-0041,WRITE,constructed,0
nanosvg_write,write-0042,gen/write/write-0042,WRITE,constructed,0
nanosvg_write,write-0043,gen/write/write-0043,WRITE,constructed,0
nanosvg_write,write-0044,gen/write/write-0044,WRITE,constructed,0
nanosvg_write,write-0045,gen/write/write-0045,WRITE,constructed,0
nanosvg_write,write-0046,gen/write/write-0046,WRITE,constructed,0
nanosvg_write,write-0047,gen/write/write-0047,WRITE,constructed,0
nanosvg_write,write-0048,gen/write/write-0048,WRITE,constructed,0
nanosvg_write,write-0049,gen/write/write-0049,WRITE,constructed,0
nanosvg_write,write-0050,gen/write/write-0050,WRITE,constructed,0
nanosvg_write,write-0051,gen/write/write-0051,WRITE,constructed,0
nanosvg_write,write-0052,gen/write/write-0052,WRITE,constructed,0
nanosvg_write,write-0053,gen/write/write-0053,WRITE,constructed,0
nanosvg_write,write-0054,gen/write/write-0054,WRITE,constructed,0
nanosvg_write,write-0055,gen/write/write-0055,WRITE,constructed,0
nanosvg_write,write-0056,gen/write/write-0056,WRITE,constructed,0
nanosvg_write,write-0057,gen/write/write-0057,WRITE,constructed,0
nanosvg_write,write-0058,gen/write/write-0058,WRITE,constructed,0
nanosvg_write,write-0059,gen/write/write-0059,WRITE,constructed,0
nanosvg_write,write-0060,gen/write/write-0060,WRITE,constructed,0
nanosvg_write,write-0061,gen/write/write-0061,WRITE,constructed,0
nanosvg_write,write-0062,gen/write/write-0062,WRITE,constructed,0
nanosvg_write,write-0063,gen/write/write-0063,WRITE,constructed,0
nanosvg_write,write-0064,gen/write/write-0064,WRITE,constructed,0
nanosvg_write,write-0065,gen/write/write-0065,WRITE,constructed,0
nanosvg_write,write-0066,gen/write/write-0066,WRITE,constructed,0
nanosvg_write,write-0067,gen/write/write-0067,WRITE,constructed,0
nanosvg_write,write-0068,gen/write/write-0068,WRITE,constructed,0
nanosvg_write,write-0069,gen/write/write-0069,WRITE,constructed,0
nanosvg_write,write-0070,gen/write/write-0070,WRITE,constructed,0
nanosvg_write,write-0071,gen/write/write-0071,WRITE,constructed,0
nanosvg_write,write-0072,gen/write/write-0072,WRITE,constructed,0
nanosvg_write,write-0073,gen/write/write-0073,WRITE,constructed,0
nanosvg_write,write-0074,gen/write/write-0074,WRITE,constructed,0
nanosvg_write,write-0075,gen/write/write-0075,WRITE,constructed,0
nanosvg_write,write-0076,gen/write/write-0076,WRITE,constructed,0
nanosvg_write,write-0077,gen/write/write-0077,WRITE,constructed,0
nanosvg_write,write-0078,gen/write/write-0078,WRITE,constructed,0
nanosvg_write,write-0079,gen/write/write-0079,WRITE,constructed,0
nanosvg_write,write-0080,gen/write/write-0080,WRITE,constructed,0
nanosvg_write,write-0081,gen/write/write-0081,WRITE,constructed,0
nanosvg_write,write-0082,gen/write/write-0082,WRITE,constructed,0
nanosvg_write,write-0083,gen/write/write-0083,WRITE,constructed,0
nanosvg_write,write-0084,gen/write/write-0084,WRITE,constructed,0
nanosvg_write,write-0085,gen/write/write-0085,WRITE,constructed,0
nanosvg_write,write-0086,gen/write/write-0086,WRITE,constructed,0
nanosvg_write,write-0087,gen/write/write-0087,WRITE,constructed,0
nanosvg_write,write-0088,gen/write/write-0088,WRITE,constructed,0
nanosvg_write,write-0089,gen/write/write-0089,WRITE,constructed,0
nanosvg_write,write-0090,gen/write/write-0090,WRITE,constructed,0
nanosvg_write,write-0091,gen/write/write-0091,WRITE,constructed,0
nanosvg_write,write-0092,gen/write/write-0092,WRITE,constructed,0
nanosvg_write,write-0093,gen/write/write-0093,WRITE,constructed,0
nanosvg_write,write-0094,gen/write/write-0094,WRITE,constructed,0
nanosvg_write,write-0095,gen/write/write-0095,WRITE,constructed,0
nanosvg_write,write-0096,gen/write/write-0096,WRITE,constructed,0
nanosvg_write,write-0097,gen/write/write-0097,WRITE,constructed,0
nanosvg_write,write-0098,gen/write/write-0098,WRITE,constructed,0
nanosvg_write,write-0099,gen/write/write-0099,WRITE,constructed,0
nanosvg_write,write-0100,gen/write/write-0100,WRITE,constructed,0
nanosvg_write,write-0101,gen/write/write-0101,WRITE,constructed,0
nanosvg_write,write-0102,gen/write/write-0102,WRITE,constructed,0
nanosvg_write,write-0103,gen/write/write-0103,WRITE,constructed,0
nanosvg_write,write-0104,gen/write/write-0104,WRITE,constructed,0
nanosvg_write,write-0105,gen/write/write-0105,WRITE,constructed,0
nanosvg_write,write-0106,gen/write/write-0106,WRITE,constructed,0
nanosvg_write,write-0107,gen/write/write-0107,WRITE,constructed,0
nanosvg_write,write-0108,gen/write/write-0108,WRITE,constructed,0
nanosvg_write,write-0109,gen/write/write-0109,WRITE,constructed,0
nanosvg_write,write-0110,gen/write/write-0110,WRITE,constructed,0
nanosvg_write,write-0111,gen/write/write-0111,WRITE,constructed,0
nanosvg_write,write-0112,gen/write/write-0112,WRITE,constructed,0
nanosvg_write,write-0113,gen/write/write-0113,WRITE,constructed,0
nanosvg_write,write-0114,gen/write/write-0114,WRITE,constructed,0
nanosvg_write,write-0115,gen/write/write-0115,WRITE,constructed,0
nanosvg_write,write-0116,gen/write/write-0116,WRITE,constructed,0
nanosvg_write,write-0117,gen/write/write-0117,WRITE,constructed,0
nanosvg_write,write-0118,gen/write/write-0118,WRITE,constructed,0
nanosvg_write,write-0119,gen/write/write-0119,WRITE,constructed,0
nanosvg_write,write-0120,gen/write/write-0120,WRITE,constructed,0
nanosvg_write,write-0121,gen/write/write-0121,WRITE,constructed,0
nanosvg_write,write-0122,gen/write/write-0122,WRITE,constructed,0
nanosvg_write,write-0123,gen/write/write-0123,WRITE,constructed,0
nanosvg_write,write-0124,gen/write/write-0124,WRITE,constructed,0
nanosvg_write,write-0125,gen/write/write-0125,WRITE,constructed,0
nanosvg_write,write-0126,gen/write/write-0126,WRITE,constructed,0
nanosvg_write,write-0127,gen/write/write-0127,WRITE,constructed,0
nanosvg_write,write-0128,gen/write/write-0128,WRITE,constructed,0
nanosvg_write,write-0129,gen/write/write-0129,WRITE,constructed,0
nanosvg_write,write-0130,gen/write/write-0130,WRITE,constructed,0
nanosvg_write,write-0131,gen/write/write-0131,WRITE,constructed,0
nanosvg_write,write-0132,gen/write/write-0132,WRITE,constructed,0
nanosvg_write,write-0133,gen/write/write-0133,WRITE,constructed,0
nanosvg_write,write-0134,gen/write/write-0134,WRITE,constructed,0
nanosvg_write,write-0135,gen/write/write-0135,WRITE,constructed,0
nanosvg_write,write-0136,gen/write/write-0136,WRITE,constructed,0
nanosvg_write,write-0137,gen/write/write-0137,WRITE,constructed,0
nanosvg_write,write-0138,gen/write/write-0138,WRITE,constructed,0
nanosvg_write,write-0139,gen/write/write-0139,WRITE,constructed,0
nanosvg_write,write-0140,gen/write/write-0140,WRITE,constructed,0
nanosvg_write,write-0141,gen/write/write-0141,WRITE,constructed,0
nanosvg_write,write-0142,gen/write/write-0142,WRITE,constructed,0
nanosvg_write,write-0143,gen/write/write-0143,WRITE,constructed,0
nanosvg_write,write-0144,gen/write/write-0144,WRITE,constructed,0
nanosvg_write,write-0145,gen/write/write-0145,WRITE,constructed,0
nanosvg_write,write-0146,gen/write/write-0146,WRITE,constructed,0
nanosvg_write,write-0147,gen/write/write-0147,WRITE,constructed,0
nanosvg_write,write-0148,gen/write/write-0148,WRITE,constructed,0
nanosvg_write,write-0149,gen/write/write-0149,WRITE,constructed,0
frozen_dos,dos-0000,gen/dos/dos-0000,DoS,constructed,1
frozen_dos,dos-0001,gen/dos/dos-0001,DoS,constructed,1
frozen_dos,dos-0002,gen/dos/dos-0002,DoS,constructed,1
frozen_dos,dos-0003,gen/dos/dos-0003,DoS,constructed,1
frozen_dos,dos-0004,gen/dos/dos-0004,DoS,constructed,1
frozen_dos,dos-0005,gen/dos/dos-0005,DoS,constructed,1
frozen_dos,dos-0006,gen/dos/dos-0006,DoS,constructed,1
frozen_dos,dos-0007,gen/dos/dos-0007,DoS,constructed,1
frozen_dos,dos-0008,gen/dos/dos-0008,DoS,constructed,1
frozen_dos,dos-0009,gen/dos/dos-0009,DoS,constructed,1
frozen_dos,dos-0010,gen/dos/dos-0010,DoS,constructed,1
frozen_dos,dos-0011,gen/dos/dos-0011,DoS,constructed,1
frozen_dos,dos-0012,gen/dos/dos-0012,DoS,constructed,1
frozen_dos,dos-0013,gen/dos/dos-0013,DoS,constructed,1
frozen_dos,dos-0014,gen/dos/dos-0014,DoS,constructed,1
frozen_dos,dos-0015,gen/dos/dos-0015,DoS,constructed,1
frozen_dos,dos-0016,gen/dos/dos-0016,DoS,constructed,1
frozen_dos,dos-0017,gen/dos/dos-0017,DoS,constructed,1
frozen_dos,dos-0018,gen/dos/dos-0018,DoS,constructed,1
frozen_dos,dos-0019,gen/dos/dos-0019,DoS,constructed,1
frozen_dos,dos-0020,gen/dos/dos-0020,DoS,constructed,1
frozen_dos,dos-0021,gen/dos/dos-0021,DoS,constructed,1
frozen_dos,dos-0022,gen/dos/dos-0022,DoS,constructed,1
frozen_dos,dos-0023,gen/dos/dos-0023,DoS,constructed,1
frozen_dos,dos-0024,gen/dos/dos-0024,DoS,constructed,1
frozen_dos,dos-0025,gen/dos/dos-0025,DoS,constructed,1
frozen_dos,dos-0026,gen/dos/dos-0026,DoS,constructed,1
frozen_dos,dos-0027,gen/dos/dos-0027,DoS,constructed,1
frozen_dos,dos-0028,gen/dos/dos-0028,DoS,constructed,1
frozen_dos,dos-0029,gen/dos/dos-0029,DoS,constructed,1
frozen_dos,dos-0030,gen/dos/dos-0030,DoS,constructed,1
frozen_dos,dos-0031,gen/dos/dos-0031,DoS,constructed,1
frozen_dos,dos-0032,gen/dos/dos-0032,DoS,constructed,1
frozen_dos,dos-0033,gen/dos/dos-0033,DoS,constructed,1
frozen_dos,dos-0034,gen/dos/dos-0034,DoS,constructed,1
frozen_dos,dos-0035,gen/dos/dos-0035,DoS,constructed,1
frozen_dos,dos-0036,gen/dos/dos-0036,DoS,constructed,1
frozen_dos,dos-0037,gen/dos/dos-0037,DoS,constructed,1
frozen_dos,dos-0038,gen/dos/dos-0038,DoS,constructed,1
frozen_dos,dos-0039,gen/dos/dos-0039,DoS,constructed,1
frozen_dos,dos-0040,gen/dos/dos-0040,DoS,constructed,1
frozen_dos,dos-0041,gen/dos/dos-0041,DoS,constructed,1
frozen_dos,dos-0042,gen/dos/dos-0042,DoS,constructed,1
frozen_dos,dos-0043,gen/dos/dos-0043,DoS,constructed,1
frozen_dos,dos-0044,gen/dos/dos-0044,DoS,constructed,1
frozen_dos,dos-0045,gen/dos/dos-0045,DoS,constructed,1
frozen_dos,dos-0046,gen/dos/dos-0046,DoS,constructed,1
frozen_dos,dos-0047,gen/dos/dos-0047,DoS,constructed,1
frozen_dos,dos-0048,gen/dos/dos-0048,DoS,constructed,1
frozen_dos,dos-0049,gen/dos/dos-0049,DoS,constructed,1
frozen_dos,dos-0050,gen/dos/dos-0050,DoS,constructed,1
frozen_dos,dos-0051,gen/dos/dos-0051,DoS,constructed,1
frozen_dos,dos-0052,gen/dos/dos-0052,DoS,constructed,1
frozen_dos,dos-0053,gen/dos/dos-0053,DoS,constructed,1
frozen_dos,dos-0054,gen/dos/dos-0054,DoS,constructed,1
frozen_dos,dos-0055,gen/dos/dos-0055,DoS,constructed,1
frozen_dos,dos-0056,gen/dos/dos-0056,DoS,constructed,1
frozen_dos,dos-0057,gen/dos/dos-0057,DoS,constructed,1
frozen_dos,dos-0058,gen/dos/dos-0058,DoS,constructed,1
frozen_dos,dos-0059,gen/dos/dos-0059,DoS,constructed,1
frozen_dos,dos-0060,gen/dos/dos-0060,DoS,constructed,1
frozen_dos,dos-0061,gen/dos/dos-0061,DoS,constructed,1
frozen_dos,dos-0062,gen/dos/dos-0062,DoS,constructed,1
frozen_dos,dos-0063,gen/dos/dos-0063,DoS,constructed,1
frozen_dos,dos-0064,gen/dos/dos-0064,DoS,constructed,1
frozen_dos,dos-0065,gen/dos/dos-0065,DoS,constructed,1
frozen_dos,dos-0066,gen/dos/dos-0066,DoS,constructed,1
frozen_dos,dos-0067,gen/dos/dos-0067,DoS,constructed,1
frozen_dos,dos-0068,gen/dos/dos-0068,DoS,constructed,1
frozen_dos,dos-0069,gen/dos/dos-0069,DoS,constructed,1
frozen_dos,dos-0070,gen/dos/dos-0070,DoS,constructed,1
frozen_dos,dos-0071,gen/dos/dos-0071,DoS,constructed,1
frozen_dos,dos-0072,gen/dos/dos-0072,DoS,constructed,1
frozen_dos,dos-0073,gen/dos/dos-0073,DoS,constructed,1
frozen_dos,dos-0074,gen/dos/dos-0074,DoS,constructed,1
frozen_dos,dos-0075,gen/dos/dos-0075,DoS,constructed,1
frozen_dos,dos-0076,gen/dos/dos-0076,DoS,constructed,1
frozen_dos,dos-0077,gen/dos/dos-0077,DoS,constructed,1
frozen_dos,dos-0078,gen/dos/dos-0078,DoS,constructed,1
frozen_dos,dos-0079,gen/dos/dos-0079,DoS,constructed,1
frozen_dos,dos-0080,gen/dos/dos-0080,DoS,constructed,1
frozen_dos,dos-0081,gen/dos/dos-0081,DoS,constructed,1
frozen_dos,dos-0082,gen/dos/dos-0082,DoS,constructed,1
frozen_dos,dos-0083,gen/dos/dos-0083,DoS,constructed,1
frozen_dos,dos-0084,gen/dos/dos-0084,DoS,constructed,1
frozen_dos,dos-0085,gen/dos/dos-0085,DoS,constructed,1
frozen_dos,dos-0086,gen/dos/dos-0086,DoS,constructed,1
frozen_dos,dos-0087,gen/dos/dos-0087,DoS,constructed,1
frozen_dos,dos-0088,gen/dos/dos-0088,DoS,constructed,1
frozen_dos,dos-0089,gen/dos/dos-0089,DoS,constructed,1
frozen_dos,dos-0090,gen/dos/dos-0090,DoS,constructed,1
frozen_dos,dos-0091,gen/dos/dos-0091,DoS,constructed,1
frozen_dos,dos-0092,gen/dos/dos-0092,DoS,constructed,1
frozen_dos,dos-0093,gen/dos/dos-0093,DoS,constructed,1
frozen_dos,dos-0094,gen/dos/dos-0094,DoS,constructed,1
frozen_dos,dos-0095,gen/dos/dos-0095,DoS,constructed,1
frozen_dos,dos-0096,gen/dos/dos-0096,DoS,constructed,1
frozen_dos,dos-0097,gen/dos/dos-0097,DoS,constructed,1
frozen_dos,dos-0098,gen/dos/dos-0098,DoS,constructed,1
frozen_dos,dos-0099,gen/dos/dos-0099,DoS,constructed,1
frozen_dos,dos-0100,gen/dos/dos-0100,DoS,constructed,1
frozen_dos,dos-0101,gen/dos/dos-0101,DoS,constructed,1
frozen_dos,dos-0102,gen/dos/dos-0102,DoS,constructed,1
frozen_dos,dos-0103,gen/dos/dos-0103,DoS,constructed,1
frozen_dos,dos-0104,gen/dos/dos-0104,DoS,constructed,1
frozen_dos,dos-0105,gen/dos/dos-0105,DoS,constructed,1
frozen_dos,dos-0106,gen/dos/dos-0106,DoS,constructed,1
frozen_dos,dos-0107,gen/dos/dos-0107,DoS,constructed,1
frozen_dos,dos-0108,gen/dos/dos-0108,DoS,constructed,1
frozen_dos,dos-0109,gen/dos/dos-0109,DoS,constructed,1
frozen_dos,dos-0110,gen/dos/dos-0110,DoS,constructed,1
frozen_dos,dos-0111,gen/dos/dos-0111,DoS,constructed,1
frozen_dos,dos-0112,gen/dos/dos-0112,DoS,constructed,1
frozen_dos,dos-0113,gen/dos/dos-0113,DoS,constructed,1
frozen_dos,dos-0114,gen/dos/dos-0114,DoS,constructed,1
frozen_dos,dos-0115,gen/dos/dos-0115,DoS,constructed,1
frozen_dos,dos-0116,gen/dos/dos-0116,DoS,constructed,1
frozen_dos,dos-0117,gen/dos/dos-0117,DoS,constructed,1
frozen_dos,dos-0118,gen/dos/dos-0118,DoS,constructed,1
frozen_dos,dos-0119,gen/dos/dos-0119,DoS,constructed,1
frozen_dos,dos-0120,gen/dos/dos-0120,DoS,constructed,1
frozen_dos,dos-0121,gen/dos/dos-0121,DoS,constructed,1
frozen_dos,dos-0122,gen/dos/dos-0122,DoS,constructed,1
frozen_dos,dos-0123,gen/dos/dos-0123,DoS,constructed,1
frozen_dos,dos-0124,gen/dos/dos-0124,DoS,constructed,1
frozen_dos,dos-0125,gen/dos/dos-0125,DoS,constructed,1
frozen_dos,dos-0126,gen/dos/dos-0126,DoS,constructed,1
frozen_dos,dos-0127,gen/dos/dos-0127,DoS,constructed,1
frozen_dos,dos-0128,gen/dos/dos-0128,DoS,constructed,1
frozen_dos,dos-0129,gen/dos/dos-0129,DoS,constructed,1
frozen_dos,dos-0130,gen/dos/dos-0130,DoS,constructed,1
frozen_dos,dos-0131,gen/dos/dos-0131,DoS,constructed,1
frozen_dos,dos-0132,gen/dos/dos-0132,DoS,constructed,1
frozen_dos,dos-0133,gen/dos/dos-0133,DoS,constructed,1
frozen_dos,dos-0134,gen/dos/dos-0134,DoS,constructed,1
frozen_dos,dos-0135,gen/dos/dos-0135,DoS,constructed,1
frozen_dos,dos-0136,gen/dos/dos-0136,DoS,constructed,1
frozen_dos,dos-0137,gen/dos/dos-0137,DoS,constructed,1
frozen_dos,dos-0138,gen/dos/dos-0138,DoS,constructed,1
frozen_dos,dos-0139,gen/dos/dos-0139,DoS,constructed,1
frozen_dos,dos-0140,gen/dos/dos-0140,DoS,constructed,1
frozen_dos,dos-0141,gen/dos/dos-0141,DoS,constructed,1
frozen_dos,dos-0142,gen/dos/dos-0142,DoS,constructed,1
frozen_dos,dos-0143,gen/dos/dos-0143,DoS,constructed,1
frozen_dos,dos-0144,gen/dos/dos-0144,DoS,constructed,1
frozen_dos,dos-0145,gen/dos/dos-0145,DoS,constructed,1
frozen_dos,dos-0146,gen/dos/dos-0146,DoS,constructed,1
frozen_dos,dos-0147,gen/dos/dos-0147,DoS,constructed,1
frozen_dos,dos-0148,gen/dos/dos-0148,DoS,constructed,1
frozen_dos,dos-0149,gen/dos/dos-0149,DoS,constructed,1
